{
  "lr_mul": 0.5,
  "epochs_mul": 1.0,
  "grad_acc_mul": 1.5,
  "loss_valid": 0.2717066878186805,
  "search_space": [
    [
      0.5,
      1.0,
      0.75
    ],
    [
      0.5,
      1.0,
      1.0
    ],
    [
      0.5,
      1.0,
      1.5
    ],
    [
      1.0,
      1.0,
      0.75
    ],
    [
      1.0,
      1.0,
      1.0
    ],
    [
      1.0,
      1.0,
      1.5
    ],
    [
      2.0,
      1.0,
      0.75
    ],
    [
      2.0,
      1.0,
      1.0
    ],
    [
      2.0,
      1.0,
      1.5
    ]
  ],
  "args": [
    1,
    "rte",
    4,
    -1,
    -1.5
  ],
  "raw_results": [
    [
      0.2717066878186805,
      [
        0.5,
        1.0,
        1.5
      ]
    ],
    [
      0.27461379480415155,
      [
        0.5,
        1.0,
        1.0
      ]
    ],
    [
      0.2919877209434552,
      [
        0.5,
        1.0,
        0.75
      ]
    ],
    [
      0.3054674094143723,
      [
        2.0,
        1.0,
        1.5
      ]
    ],
    [
      0.3297960959774043,
      [
        1.0,
        1.0,
        0.75
      ]
    ],
    [
      0.34112993428217514,
      [
        1.0,
        1.0,
        1.0
      ]
    ],
    [
      0.3508534529579005,
      [
        1.0,
        1.0,
        1.5
      ]
    ],
    [
      0.3533442698286048,
      [
        2.0,
        1.0,
        0.75
      ]
    ],
    [
      0.39630819780619014,
      [
        2.0,
        1.0,
        1.0
      ]
    ]
  ]
}