{
  "lr_mul": 1.0,
  "epochs_mul": 1.0,
  "grad_acc_mul": 1.0,
  "loss_valid": 0.3276622068160069,
  "search_space": [
    [
      0.5,
      1.0,
      0.75
    ],
    [
      0.5,
      1.0,
      1.0
    ],
    [
      0.5,
      1.0,
      1.5
    ],
    [
      1.0,
      1.0,
      0.75
    ],
    [
      1.0,
      1.0,
      1.0
    ],
    [
      1.0,
      1.0,
      1.5
    ],
    [
      2.0,
      1.0,
      0.75
    ],
    [
      2.0,
      1.0,
      1.0
    ],
    [
      2.0,
      1.0,
      1.5
    ]
  ],
  "args": [
    2,
    "cola",
    4,
    -1,
    -1.0
  ],
  "raw_results": [
    [
      0.3276622068160069,
      [
        1.0,
        1.0,
        1.0
      ]
    ],
    [
      0.3358696815528855,
      [
        2.0,
        1.0,
        0.75
      ]
    ],
    [
      0.3458800123229345,
      [
        2.0,
        1.0,
        1.5
      ]
    ],
    [
      0.3464619415748564,
      [
        2.0,
        1.0,
        1.0
      ]
    ],
    [
      0.34655545580183494,
      [
        1.0,
        1.0,
        0.75
      ]
    ],
    [
      0.3523041514089759,
      [
        0.5,
        1.0,
        1.5
      ]
    ],
    [
      0.35298654164031423,
      [
        0.5,
        1.0,
        1.0
      ]
    ],
    [
      0.3590222403684758,
      [
        0.5,
        1.0,
        0.75
      ]
    ],
    [
      0.35918698975851077,
      [
        1.0,
        1.0,
        1.5
      ]
    ]
  ]
}