{
  "lr_mul": 0.5,
  "epochs_mul": 1.0,
  "grad_acc_mul": 1.0,
  "loss_valid": 0.21231181532711374,
  "search_space": [
    [
      0.5,
      1.0,
      0.75
    ],
    [
      0.5,
      1.0,
      1.0
    ],
    [
      0.5,
      1.0,
      1.5
    ],
    [
      1.0,
      1.0,
      0.75
    ],
    [
      1.0,
      1.0,
      1.0
    ],
    [
      1.0,
      1.0,
      1.5
    ],
    [
      2.0,
      1.0,
      0.75
    ],
    [
      2.0,
      1.0,
      1.0
    ],
    [
      2.0,
      1.0,
      1.5
    ]
  ],
  "args": [
    4,
    "mnli",
    4,
    -1,
    0.0
  ],
  "raw_results": [
    [
      0.21231181532711374,
      [
        0.5,
        1.0,
        1.0
      ]
    ],
    [
      0.21300464424848772,
      [
        0.5,
        1.0,
        1.5
      ]
    ],
    [
      0.2208798750824863,
      [
        1.0,
        1.0,
        1.5
      ]
    ],
    [
      0.22408494039504212,
      [
        0.5,
        1.0,
        0.75
      ]
    ],
    [
      0.22979505810472847,
      [
        1.0,
        1.0,
        1.0
      ]
    ],
    [
      0.25387350304260115,
      [
        2.0,
        1.0,
        1.5
      ]
    ],
    [
      0.2836272744166172,
      [
        2.0,
        1.0,
        0.75
      ]
    ],
    [
      0.45657054994583135,
      [
        1.0,
        1.0,
        0.75
      ]
    ],
    [
      0.47147289114869256,
      [
        2.0,
        1.0,
        1.0
      ]
    ]
  ]
}