{
  "lr_mul": 0.5,
  "epochs_mul": 1.0,
  "grad_acc_mul": 1.5,
  "loss_valid": 0.0940420600033601,
  "search_space": [
    [
      0.5,
      1.0,
      0.75
    ],
    [
      0.5,
      1.0,
      1.0
    ],
    [
      0.5,
      1.0,
      1.5
    ],
    [
      1.0,
      1.0,
      0.75
    ],
    [
      1.0,
      1.0,
      1.0
    ],
    [
      1.0,
      1.0,
      1.5
    ],
    [
      2.0,
      1.0,
      0.75
    ],
    [
      2.0,
      1.0,
      1.0
    ],
    [
      2.0,
      1.0,
      1.5
    ]
  ],
  "args": [
    3,
    "qqp",
    4,
    -1,
    -0.5
  ],
  "raw_results": [
    [
      0.0940420600033601,
      [
        0.5,
        1.0,
        1.5
      ]
    ],
    [
      0.09708514380480543,
      [
        0.5,
        1.0,
        1.0
      ]
    ],
    [
      0.1038216946681332,
      [
        1.0,
        1.0,
        1.5
      ]
    ],
    [
      0.126987993908941,
      [
        0.5,
        1.0,
        0.75
      ]
    ],
    [
      0.13350560639310502,
      [
        2.0,
        1.0,
        1.5
      ]
    ],
    [
      0.231505371334802,
      [
        2.0,
        1.0,
        1.0
      ]
    ],
    [
      0.27960851572855544,
      [
        1.0,
        1.0,
        1.0
      ]
    ],
    [
      0.28841546692121334,
      [
        1.0,
        1.0,
        0.75
      ]
    ],
    [
      0.3286984335328473,
      [
        2.0,
        1.0,
        0.75
      ]
    ]
  ]
}