{
  "lr_mul": 2.0,
  "epochs_mul": 1.0,
  "grad_acc_mul": 0.75,
  "loss_valid": 0.17226334046875597,
  "search_space": [
    [
      0.5,
      1.0,
      0.75
    ],
    [
      0.5,
      1.0,
      1.0
    ],
    [
      0.5,
      1.0,
      1.5
    ],
    [
      1.0,
      1.0,
      0.75
    ],
    [
      1.0,
      1.0,
      1.0
    ],
    [
      1.0,
      1.0,
      1.5
    ],
    [
      2.0,
      1.0,
      0.75
    ],
    [
      2.0,
      1.0,
      1.0
    ],
    [
      2.0,
      1.0,
      1.5
    ]
  ],
  "args": [
    2,
    "qnli",
    4,
    -1,
    -1.0
  ],
  "raw_results": [
    [
      0.17226334046875597,
      [
        2.0,
        1.0,
        0.75
      ]
    ],
    [
      0.17375306574323363,
      [
        2.0,
        1.0,
        1.0
      ]
    ],
    [
      0.21006807727148383,
      [
        2.0,
        1.0,
        1.5
      ]
    ],
    [
      0.22900259310819504,
      [
        1.0,
        1.0,
        1.0
      ]
    ],
    [
      0.24197765795382237,
      [
        1.0,
        1.0,
        0.75
      ]
    ],
    [
      0.24815698448131548,
      [
        1.0,
        1.0,
        1.5
      ]
    ],
    [
      0.25764196339970485,
      [
        0.5,
        1.0,
        1.0
      ]
    ],
    [
      0.25970781245695607,
      [
        0.5,
        1.0,
        0.75
      ]
    ],
    [
      0.264584348376829,
      [
        0.5,
        1.0,
        1.5
      ]
    ]
  ]
}