{
  "lr_mul": 1.0,
  "epochs_mul": 1.0,
  "grad_acc_mul": 1.5,
  "loss_valid": 0.11043959202883664,
  "search_space": [
    [
      0.5,
      1.0,
      0.75
    ],
    [
      0.5,
      1.0,
      1.0
    ],
    [
      0.5,
      1.0,
      1.5
    ],
    [
      1.0,
      1.0,
      0.75
    ],
    [
      1.0,
      1.0,
      1.0
    ],
    [
      1.0,
      1.0,
      1.5
    ],
    [
      2.0,
      1.0,
      0.75
    ],
    [
      2.0,
      1.0,
      1.0
    ],
    [
      2.0,
      1.0,
      1.5
    ]
  ],
  "args": [
    1,
    "qqp",
    4,
    -1,
    -1.5
  ],
  "raw_results": [
    [
      0.11043959202883664,
      [
        1.0,
        1.0,
        1.5
      ]
    ],
    [
      0.14960073543780686,
      [
        2.0,
        1.0,
        1.5
      ]
    ],
    [
      0.15427401847558886,
      [
        0.5,
        1.0,
        0.75
      ]
    ],
    [
      0.18487080025797192,
      [
        0.5,
        1.0,
        1.0
      ]
    ],
    [
      0.19030018913162963,
      [
        2.0,
        1.0,
        1.0
      ]
    ],
    [
      0.1974531327407402,
      [
        1.0,
        1.0,
        1.0
      ]
    ],
    [
      0.2043607976546927,
      [
        0.5,
        1.0,
        1.5
      ]
    ],
    [
      0.4256082490478344,
      [
        2.0,
        1.0,
        0.75
      ]
    ],
    [
      0.4463148972286479,
      [
        1.0,
        1.0,
        0.75
      ]
    ]
  ]
}