{
  "lr_mul": 2.0,
  "epochs_mul": 1.0,
  "grad_acc_mul": 1.5,
  "loss_valid": 0.1796324751112551,
  "search_space": [
    [
      0.5,
      1.0,
      0.75
    ],
    [
      0.5,
      1.0,
      1.0
    ],
    [
      0.5,
      1.0,
      1.5
    ],
    [
      1.0,
      1.0,
      0.75
    ],
    [
      1.0,
      1.0,
      1.0
    ],
    [
      1.0,
      1.0,
      1.5
    ],
    [
      2.0,
      1.0,
      0.75
    ],
    [
      2.0,
      1.0,
      1.0
    ],
    [
      2.0,
      1.0,
      1.5
    ]
  ],
  "args": [
    0,
    "qqp",
    4,
    -1,
    -2.0
  ],
  "raw_results": [
    [
      0.1796324751112551,
      [
        2.0,
        1.0,
        1.5
      ]
    ],
    [
      0.18810147220950393,
      [
        1.0,
        1.0,
        0.75
      ]
    ],
    [
      0.19548813502956264,
      [
        2.0,
        1.0,
        1.0
      ]
    ],
    [
      0.21242939743752737,
      [
        1.0,
        1.0,
        1.5
      ]
    ],
    [
      0.2137492607300978,
      [
        2.0,
        1.0,
        0.75
      ]
    ],
    [
      0.2153461354839138,
      [
        1.0,
        1.0,
        1.0
      ]
    ],
    [
      0.22165307292151887,
      [
        0.5,
        1.0,
        0.75
      ]
    ],
    [
      0.22840011375219044,
      [
        0.5,
        1.0,
        1.0
      ]
    ],
    [
      0.23313386860091023,
      [
        0.5,
        1.0,
        1.5
      ]
    ]
  ]
}