{
  "lr_mul": 1.0,
  "epochs_mul": 1.0,
  "grad_acc_mul": 1.0,
  "loss_valid": 0.1075127709946917,
  "search_space": [
    [
      0.5,
      1.0,
      0.75
    ],
    [
      0.5,
      1.0,
      1.0
    ],
    [
      0.5,
      1.0,
      1.5
    ],
    [
      1.0,
      1.0,
      0.75
    ],
    [
      1.0,
      1.0,
      1.0
    ],
    [
      1.0,
      1.0,
      1.5
    ],
    [
      2.0,
      1.0,
      0.75
    ],
    [
      2.0,
      1.0,
      1.0
    ],
    [
      2.0,
      1.0,
      1.5
    ]
  ],
  "args": [
    1,
    "sst2",
    4,
    -1,
    -1.5
  ],
  "raw_results": [
    [
      0.1075127709946917,
      [
        1.0,
        1.0,
        1.0
      ]
    ],
    [
      0.10983767569320654,
      [
        1.0,
        1.0,
        0.75
      ]
    ],
    [
      0.11399394802326498,
      [
        2.0,
        1.0,
        1.5
      ]
    ],
    [
      0.11696406933147273,
      [
        1.0,
        1.0,
        1.5
      ]
    ],
    [
      0.1173633321638079,
      [
        2.0,
        1.0,
        1.0
      ]
    ],
    [
      0.11860380687635382,
      [
        2.0,
        1.0,
        0.75
      ]
    ],
    [
      0.12459760646416872,
      [
        0.5,
        1.0,
        1.5
      ]
    ],
    [
      0.12881991809656682,
      [
        0.5,
        1.0,
        1.0
      ]
    ],
    [
      0.13656865531673268,
      [
        0.5,
        1.0,
        0.75
      ]
    ]
  ]
}