{
  "lr_mul": 2.0,
  "epochs_mul": 1.0,
  "grad_acc_mul": 1.0,
  "loss_valid": 0.14610353681657995,
  "search_space": [
    [
      0.5,
      1.0,
      0.75
    ],
    [
      0.5,
      1.0,
      1.0
    ],
    [
      0.5,
      1.0,
      1.5
    ],
    [
      1.0,
      1.0,
      0.75
    ],
    [
      1.0,
      1.0,
      1.0
    ],
    [
      1.0,
      1.0,
      1.5
    ],
    [
      2.0,
      1.0,
      0.75
    ],
    [
      2.0,
      1.0,
      1.0
    ],
    [
      2.0,
      1.0,
      1.5
    ]
  ],
  "args": [
    0,
    "mrpc",
    4,
    -1,
    -2.0
  ],
  "raw_results": [
    [
      0.14610353681657995,
      [
        2.0,
        1.0,
        1.0
      ]
    ],
    [
      0.16351144606513637,
      [
        2.0,
        1.0,
        0.75
      ]
    ],
    [
      0.17134619690477848,
      [
        2.0,
        1.0,
        1.5
      ]
    ],
    [
      0.18491810033363956,
      [
        1.0,
        1.0,
        1.5
      ]
    ],
    [
      0.19973105681794032,
      [
        1.0,
        1.0,
        0.75
      ]
    ],
    [
      0.2004254980811051,
      [
        0.5,
        1.0,
        1.0
      ]
    ],
    [
      0.2192253118114812,
      [
        1.0,
        1.0,
        1.0
      ]
    ],
    [
      0.2564275504222938,
      [
        0.5,
        1.0,
        0.75
      ]
    ],
    [
      0.26117596360189577,
      [
        0.5,
        1.0,
        1.5
      ]
    ]
  ]
}