{
  "lr_mul": 1.0,
  "epochs_mul": 1.0,
  "grad_acc_mul": 1.5,
  "loss_valid": 0.09197374183001454,
  "search_space": [
    [
      0.5,
      1.0,
      0.75
    ],
    [
      0.5,
      1.0,
      1.0
    ],
    [
      0.5,
      1.0,
      1.5
    ],
    [
      1.0,
      1.0,
      0.75
    ],
    [
      1.0,
      1.0,
      1.0
    ],
    [
      1.0,
      1.0,
      1.5
    ],
    [
      2.0,
      1.0,
      0.75
    ],
    [
      2.0,
      1.0,
      1.0
    ],
    [
      2.0,
      1.0,
      1.5
    ]
  ],
  "args": [
    2,
    "sst2",
    4,
    -1,
    -1.0
  ],
  "raw_results": [
    [
      0.09197374183001454,
      [
        1.0,
        1.0,
        1.5
      ]
    ],
    [
      0.09727713926805867,
      [
        1.0,
        1.0,
        1.0
      ]
    ],
    [
      0.09856080436848084,
      [
        1.0,
        1.0,
        0.75
      ]
    ],
    [
      0.10893512731215285,
      [
        0.5,
        1.0,
        1.5
      ]
    ],
    [
      0.10907913268590469,
      [
        2.0,
        1.0,
        1.5
      ]
    ],
    [
      0.11029636236288558,
      [
        0.5,
        1.0,
        0.75
      ]
    ],
    [
      0.11157154815952174,
      [
        0.5,
        1.0,
        1.0
      ]
    ],
    [
      0.11278156605690452,
      [
        2.0,
        1.0,
        0.75
      ]
    ],
    [
      0.1297044307257646,
      [
        2.0,
        1.0,
        1.0
      ]
    ]
  ]
}