{
  "lr_mul": 0.5,
  "epochs_mul": 1.0,
  "grad_acc_mul": 0.75,
  "loss_valid": 0.6919434666633606,
  "search_space": [
    [
      0.5,
      1.0,
      0.75
    ],
    [
      0.5,
      1.0,
      1.0
    ],
    [
      0.5,
      1.0,
      1.5
    ],
    [
      1.0,
      1.0,
      0.75
    ],
    [
      1.0,
      1.0,
      1.0
    ],
    [
      1.0,
      1.0,
      1.5
    ],
    [
      2.0,
      1.0,
      0.75
    ],
    [
      2.0,
      1.0,
      1.0
    ],
    [
      2.0,
      1.0,
      1.5
    ]
  ],
  "args": [
    5,
    "wnli",
    4,
    -1,
    1.0
  ],
  "raw_results": [
    [
      0.6919434666633606,
      [
        0.5,
        1.0,
        0.75
      ]
    ],
    [
      0.6919991001486778,
      [
        0.5,
        1.0,
        1.5
      ]
    ],
    [
      0.692173441251119,
      [
        0.5,
        1.0,
        1.0
      ]
    ],
    [
      0.6922866031527519,
      [
        1.0,
        1.0,
        1.5
      ]
    ],
    [
      0.6923988113800684,
      [
        1.0,
        1.0,
        0.75
      ]
    ],
    [
      0.6925175984700521,
      [
        1.0,
        1.0,
        1.0
      ]
    ],
    [
      0.6929279963175455,
      [
        2.0,
        1.0,
        0.75
      ]
    ],
    [
      0.6931743497649828,
      [
        2.0,
        1.0,
        1.5
      ]
    ],
    [
      0.6934306422869364,
      [
        2.0,
        1.0,
        1.0
      ]
    ]
  ]
}