{
  "lr_mul": 2.0,
  "epochs_mul": 1.0,
  "grad_acc_mul": 1.0,
  "loss_valid": 0.2803902596030093,
  "search_space": [
    [
      0.5,
      1.0,
      0.75
    ],
    [
      0.5,
      1.0,
      1.0
    ],
    [
      0.5,
      1.0,
      1.5
    ],
    [
      1.0,
      1.0,
      0.75
    ],
    [
      1.0,
      1.0,
      1.0
    ],
    [
      1.0,
      1.0,
      1.5
    ],
    [
      2.0,
      1.0,
      0.75
    ],
    [
      2.0,
      1.0,
      1.0
    ],
    [
      2.0,
      1.0,
      1.5
    ]
  ],
  "args": [
    1,
    "qnli",
    4,
    -1,
    -1.5
  ],
  "raw_results": [
    [
      0.2803902596030093,
      [
        2.0,
        1.0,
        1.0
      ]
    ],
    [
      0.28103790956301494,
      [
        2.0,
        1.0,
        1.5
      ]
    ],
    [
      0.2826569106391766,
      [
        2.0,
        1.0,
        0.75
      ]
    ],
    [
      0.28727318538756813,
      [
        1.0,
        1.0,
        0.75
      ]
    ],
    [
      0.28829655234259915,
      [
        1.0,
        1.0,
        1.5
      ]
    ],
    [
      0.2883673682056777,
      [
        1.0,
        1.0,
        1.0
      ]
    ],
    [
      0.2931515355935834,
      [
        0.5,
        1.0,
        1.0
      ]
    ],
    [
      0.2974153737218943,
      [
        0.5,
        1.0,
        1.5
      ]
    ],
    [
      0.299348672437999,
      [
        0.5,
        1.0,
        0.75
      ]
    ]
  ]
}