{
  "lr_mul": 0.5,
  "epochs_mul": 1.0,
  "grad_acc_mul": 1.5,
  "loss_valid": 0.09089513146705212,
  "search_space": [
    [
      0.5,
      1.0,
      0.75
    ],
    [
      0.5,
      1.0,
      1.0
    ],
    [
      0.5,
      1.0,
      1.5
    ],
    [
      1.0,
      1.0,
      0.75
    ],
    [
      1.0,
      1.0,
      1.0
    ],
    [
      1.0,
      1.0,
      1.5
    ],
    [
      2.0,
      1.0,
      0.75
    ],
    [
      2.0,
      1.0,
      1.0
    ],
    [
      2.0,
      1.0,
      1.5
    ]
  ],
  "args": [
    4,
    "qnli",
    4,
    -1,
    0.0
  ],
  "raw_results": [
    [
      0.09089513146705212,
      [
        0.5,
        1.0,
        1.5
      ]
    ],
    [
      0.09264691292348098,
      [
        1.0,
        1.0,
        1.5
      ]
    ],
    [
      0.0945132637999023,
      [
        0.5,
        1.0,
        1.0
      ]
    ],
    [
      0.10330644073443962,
      [
        1.0,
        1.0,
        1.0
      ]
    ],
    [
      0.10704214969078191,
      [
        2.0,
        1.0,
        1.5
      ]
    ],
    [
      0.11063021985306709,
      [
        0.5,
        1.0,
        0.75
      ]
    ],
    [
      0.11526794573165008,
      [
        1.0,
        1.0,
        0.75
      ]
    ],
    [
      0.1233962495518934,
      [
        2.0,
        1.0,
        1.0
      ]
    ],
    [
      0.13472544191883107,
      [
        2.0,
        1.0,
        0.75
      ]
    ]
  ]
}