{
  "lr_mul": 0.5,
  "epochs_mul": 1.0,
  "grad_acc_mul": 1.0,
  "loss_valid": 0.06220010718763141,
  "search_space": [
    [
      0.5,
      1.0,
      0.75
    ],
    [
      0.5,
      1.0,
      1.0
    ],
    [
      0.5,
      1.0,
      1.5
    ],
    [
      1.0,
      1.0,
      0.75
    ],
    [
      1.0,
      1.0,
      1.0
    ],
    [
      1.0,
      1.0,
      1.5
    ],
    [
      2.0,
      1.0,
      0.75
    ],
    [
      2.0,
      1.0,
      1.0
    ],
    [
      2.0,
      1.0,
      1.5
    ]
  ],
  "args": [
    4,
    "rte",
    4,
    -1,
    0.0
  ],
  "raw_results": [
    [
      0.06220010718763141,
      [
        0.5,
        1.0,
        1.0
      ]
    ],
    [
      0.09650456990597636,
      [
        1.0,
        1.0,
        1.0
      ]
    ],
    [
      0.11415348259366251,
      [
        0.5,
        1.0,
        0.75
      ]
    ],
    [
      0.11828493146458641,
      [
        0.5,
        1.0,
        1.5
      ]
    ],
    [
      0.14880660597866932,
      [
        1.0,
        1.0,
        1.5
      ]
    ],
    [
      0.17375938476678648,
      [
        1.0,
        1.0,
        0.75
      ]
    ],
    [
      0.20540488787810318,
      [
        2.0,
        1.0,
        0.75
      ]
    ],
    [
      0.2184322134458593,
      [
        2.0,
        1.0,
        1.0
      ]
    ],
    [
      0.23443772821753686,
      [
        2.0,
        1.0,
        1.5
      ]
    ]
  ]
}