{
  "lr_mul": 2.0,
  "epochs_mul": 1.0,
  "grad_acc_mul": 1.0,
  "loss_valid": 0.31707250771130097,
  "search_space": [
    [
      0.5,
      1.0,
      0.75
    ],
    [
      0.5,
      1.0,
      1.0
    ],
    [
      0.5,
      1.0,
      1.5
    ],
    [
      1.0,
      1.0,
      0.75
    ],
    [
      1.0,
      1.0,
      1.0
    ],
    [
      1.0,
      1.0,
      1.5
    ],
    [
      2.0,
      1.0,
      0.75
    ],
    [
      2.0,
      1.0,
      1.0
    ],
    [
      2.0,
      1.0,
      1.5
    ]
  ],
  "args": [
    3,
    "cola",
    4,
    -1,
    -0.5
  ],
  "raw_results": [
    [
      0.31707250771130097,
      [
        2.0,
        1.0,
        1.0
      ]
    ],
    [
      0.32259354351655295,
      [
        1.0,
        1.0,
        1.0
      ]
    ],
    [
      0.3318942201711376,
      [
        1.0,
        1.0,
        0.75
      ]
    ],
    [
      0.33365349932024196,
      [
        2.0,
        1.0,
        1.5
      ]
    ],
    [
      0.3390457499656618,
      [
        1.0,
        1.0,
        1.5
      ]
    ],
    [
      0.33982332284498656,
      [
        2.0,
        1.0,
        0.75
      ]
    ],
    [
      0.35511405057973744,
      [
        0.5,
        1.0,
        0.75
      ]
    ],
    [
      0.3620272349242283,
      [
        0.5,
        1.0,
        1.0
      ]
    ],
    [
      0.36596052338201435,
      [
        0.5,
        1.0,
        1.5
      ]
    ]
  ]
}