{
  "lr_mul": 1.0,
  "epochs_mul": 1.0,
  "grad_acc_mul": 1.5,
  "loss_valid": 0.22248620703364128,
  "search_space": [
    [
      0.5,
      1.0,
      0.75
    ],
    [
      0.5,
      1.0,
      1.0
    ],
    [
      0.5,
      1.0,
      1.5
    ],
    [
      1.0,
      1.0,
      0.75
    ],
    [
      1.0,
      1.0,
      1.0
    ],
    [
      1.0,
      1.0,
      1.5
    ],
    [
      2.0,
      1.0,
      0.75
    ],
    [
      2.0,
      1.0,
      1.0
    ],
    [
      2.0,
      1.0,
      1.5
    ]
  ],
  "args": [
    3,
    "mnli",
    4,
    -1,
    -0.5
  ],
  "raw_results": [
    [
      0.22248620703364128,
      [
        1.0,
        1.0,
        1.5
      ]
    ],
    [
      0.22463682548440447,
      [
        0.5,
        1.0,
        1.0
      ]
    ],
    [
      0.23072361761196736,
      [
        1.0,
        1.0,
        1.0
      ]
    ],
    [
      0.23380026275961363,
      [
        0.5,
        1.0,
        1.5
      ]
    ],
    [
      0.2552872969526981,
      [
        2.0,
        1.0,
        1.5
      ]
    ],
    [
      0.26137114593028626,
      [
        0.5,
        1.0,
        0.75
      ]
    ],
    [
      0.5680821096225981,
      [
        1.0,
        1.0,
        0.75
      ]
    ],
    [
      0.7646616959106196,
      [
        2.0,
        1.0,
        1.0
      ]
    ],
    [
      0.7952452624718668,
      [
        2.0,
        1.0,
        0.75
      ]
    ]
  ]
}