{
  "lr_mul": 2.0,
  "epochs_mul": 1.0,
  "grad_acc_mul": 1.5,
  "loss_valid": 0.31336096086487264,
  "search_space": [
    [
      0.5,
      1.0,
      0.75
    ],
    [
      0.5,
      1.0,
      1.0
    ],
    [
      0.5,
      1.0,
      1.5
    ],
    [
      1.0,
      1.0,
      0.75
    ],
    [
      1.0,
      1.0,
      1.0
    ],
    [
      1.0,
      1.0,
      1.5
    ],
    [
      2.0,
      1.0,
      0.75
    ],
    [
      2.0,
      1.0,
      1.0
    ],
    [
      2.0,
      1.0,
      1.5
    ]
  ],
  "args": [
    1,
    "cola",
    4,
    -1,
    -1.5
  ],
  "raw_results": [
    [
      0.31336096086487264,
      [
        2.0,
        1.0,
        1.5
      ]
    ],
    [
      0.32677614469058025,
      [
        2.0,
        1.0,
        0.75
      ]
    ],
    [
      0.333064941585249,
      [
        2.0,
        1.0,
        1.0
      ]
    ],
    [
      0.3371606380996867,
      [
        1.0,
        1.0,
        1.5
      ]
    ],
    [
      0.34101553964688913,
      [
        1.0,
        1.0,
        1.0
      ]
    ],
    [
      0.3432701882090628,
      [
        0.5,
        1.0,
        1.0
      ]
    ],
    [
      0.34493742346393397,
      [
        0.5,
        1.0,
        0.75
      ]
    ],
    [
      0.346261942747587,
      [
        1.0,
        1.0,
        0.75
      ]
    ],
    [
      0.34817678645623396,
      [
        0.5,
        1.0,
        1.5
      ]
    ]
  ]
}