{
  "lr_mul": 1.0,
  "epochs_mul": 1.0,
  "grad_acc_mul": 0.75,
  "loss_valid": 0.6909003282586733,
  "search_space": [
    [
      0.5,
      1.0,
      0.75
    ],
    [
      0.5,
      1.0,
      1.0
    ],
    [
      0.5,
      1.0,
      1.5
    ],
    [
      1.0,
      1.0,
      0.75
    ],
    [
      1.0,
      1.0,
      1.0
    ],
    [
      1.0,
      1.0,
      1.5
    ],
    [
      2.0,
      1.0,
      0.75
    ],
    [
      2.0,
      1.0,
      1.0
    ],
    [
      2.0,
      1.0,
      1.5
    ]
  ],
  "args": [
    0,
    "wnli",
    4,
    -1,
    -2.0
  ],
  "raw_results": [
    [
      0.6909003282586733,
      [
        1.0,
        1.0,
        0.75
      ]
    ],
    [
      0.6909020841121674,
      [
        1.0,
        1.0,
        1.5
      ]
    ],
    [
      0.6916706338524818,
      [
        0.5,
        1.0,
        0.75
      ]
    ],
    [
      0.692083458105723,
      [
        0.5,
        1.0,
        1.5
      ]
    ],
    [
      0.6921429013212522,
      [
        0.5,
        1.0,
        1.0
      ]
    ],
    [
      0.6925274059176445,
      [
        2.0,
        1.0,
        0.75
      ]
    ],
    [
      0.6932344610492388,
      [
        2.0,
        1.0,
        1.5
      ]
    ],
    [
      0.6953213810920715,
      [
        1.0,
        1.0,
        1.0
      ]
    ],
    [
      0.6990203385551771,
      [
        2.0,
        1.0,
        1.0
      ]
    ]
  ]
}