{
  "lr_mul": 0.5,
  "epochs_mul": 1.0,
  "grad_acc_mul": 0.75,
  "loss_valid": 0.13130984891904518,
  "search_space": [
    [
      0.5,
      1.0,
      0.75
    ],
    [
      0.5,
      1.0,
      1.0
    ],
    [
      0.5,
      1.0,
      1.5
    ],
    [
      1.0,
      1.0,
      0.75
    ],
    [
      1.0,
      1.0,
      1.0
    ],
    [
      1.0,
      1.0,
      1.5
    ],
    [
      2.0,
      1.0,
      0.75
    ],
    [
      2.0,
      1.0,
      1.0
    ],
    [
      2.0,
      1.0,
      1.5
    ]
  ],
  "args": [
    3,
    "rte",
    4,
    -1,
    -0.5
  ],
  "raw_results": [
    [
      0.13130984891904518,
      [
        0.5,
        1.0,
        0.75
      ]
    ],
    [
      0.14620123674727178,
      [
        1.0,
        1.0,
        1.5
      ]
    ],
    [
      0.14911223819945008,
      [
        0.5,
        1.0,
        1.0
      ]
    ],
    [
      0.15790667863828795,
      [
        2.0,
        1.0,
        1.5
      ]
    ],
    [
      0.18541222533011542,
      [
        2.0,
        1.0,
        1.0
      ]
    ],
    [
      0.18796957116241433,
      [
        0.5,
        1.0,
        1.5
      ]
    ],
    [
      0.21994807628548838,
      [
        1.0,
        1.0,
        0.75
      ]
    ],
    [
      0.24123371682695247,
      [
        1.0,
        1.0,
        1.0
      ]
    ],
    [
      0.25185996190495125,
      [
        2.0,
        1.0,
        0.75
      ]
    ]
  ]
}