{
  "lr_mul": 0.5,
  "epochs_mul": 1.0,
  "grad_acc_mul": 1.5,
  "loss_valid": 0.08935245169805449,
  "search_space": [
    [
      0.5,
      1.0,
      0.75
    ],
    [
      0.5,
      1.0,
      1.0
    ],
    [
      0.5,
      1.0,
      1.5
    ],
    [
      1.0,
      1.0,
      0.75
    ],
    [
      1.0,
      1.0,
      1.0
    ],
    [
      1.0,
      1.0,
      1.5
    ],
    [
      2.0,
      1.0,
      0.75
    ],
    [
      2.0,
      1.0,
      1.0
    ],
    [
      2.0,
      1.0,
      1.5
    ]
  ],
  "args": [
    5,
    "qqp",
    4,
    -1,
    1.0
  ],
  "raw_results": [
    [
      0.08935245169805449,
      [
        0.5,
        1.0,
        1.5
      ]
    ],
    [
      0.09247402662575173,
      [
        0.5,
        1.0,
        1.0
      ]
    ],
    [
      0.09489159675916406,
      [
        0.5,
        1.0,
        0.75
      ]
    ],
    [
      0.10351662639842947,
      [
        1.0,
        1.0,
        1.5
      ]
    ],
    [
      0.11099243944032358,
      [
        1.0,
        1.0,
        1.0
      ]
    ],
    [
      0.11625172119003081,
      [
        1.0,
        1.0,
        0.75
      ]
    ],
    [
      0.1301272311196579,
      [
        2.0,
        1.0,
        1.5
      ]
    ],
    [
      0.139599677419292,
      [
        2.0,
        1.0,
        1.0
      ]
    ],
    [
      0.15211134110701166,
      [
        2.0,
        1.0,
        0.75
      ]
    ]
  ]
}