{
  "lr_mul": 1.0,
  "epochs_mul": 1.0,
  "grad_acc_mul": 1.0,
  "loss_valid": 0.3018228429680425,
  "search_space": [
    [
      0.5,
      1.0,
      0.75
    ],
    [
      0.5,
      1.0,
      1.0
    ],
    [
      0.5,
      1.0,
      1.5
    ],
    [
      1.0,
      1.0,
      0.75
    ],
    [
      1.0,
      1.0,
      1.0
    ],
    [
      1.0,
      1.0,
      1.5
    ],
    [
      2.0,
      1.0,
      0.75
    ],
    [
      2.0,
      1.0,
      1.0
    ],
    [
      2.0,
      1.0,
      1.5
    ]
  ],
  "args": [
    0,
    "qnli",
    4,
    -1,
    -2.0
  ],
  "raw_results": [
    [
      0.3018228429680425,
      [
        1.0,
        1.0,
        1.0
      ]
    ],
    [
      0.30193233791469914,
      [
        2.0,
        1.0,
        1.0
      ]
    ],
    [
      0.30200162786405793,
      [
        2.0,
        1.0,
        1.5
      ]
    ],
    [
      0.3025008875559468,
      [
        2.0,
        1.0,
        0.75
      ]
    ],
    [
      0.3039901636435276,
      [
        1.0,
        1.0,
        1.5
      ]
    ],
    [
      0.3070258574066709,
      [
        1.0,
        1.0,
        0.75
      ]
    ],
    [
      0.3140343190862471,
      [
        0.5,
        1.0,
        0.75
      ]
    ],
    [
      0.315159388434863,
      [
        0.5,
        1.0,
        1.0
      ]
    ],
    [
      0.31790306354752335,
      [
        0.5,
        1.0,
        1.5
      ]
    ]
  ]
}