{
  "lr_mul": 0.5,
  "epochs_mul": 1.0,
  "grad_acc_mul": 1.0,
  "loss_valid": 0.08344888528310028,
  "search_space": [
    [
      0.5,
      1.0,
      0.75
    ],
    [
      0.5,
      1.0,
      1.0
    ],
    [
      0.5,
      1.0,
      1.5
    ],
    [
      1.0,
      1.0,
      0.75
    ],
    [
      1.0,
      1.0,
      1.0
    ],
    [
      1.0,
      1.0,
      1.5
    ],
    [
      2.0,
      1.0,
      0.75
    ],
    [
      2.0,
      1.0,
      1.0
    ],
    [
      2.0,
      1.0,
      1.5
    ]
  ],
  "args": [
    5,
    "rte",
    4,
    -1,
    1.0
  ],
  "raw_results": [
    [
      0.08344888528310028,
      [
        0.5,
        1.0,
        1.0
      ]
    ],
    [
      0.08727558817814238,
      [
        0.5,
        1.0,
        1.5
      ]
    ],
    [
      0.09941783761938236,
      [
        1.0,
        1.0,
        1.0
      ]
    ],
    [
      0.10263429957558401,
      [
        1.0,
        1.0,
        0.75
      ]
    ],
    [
      0.10639699690675895,
      [
        1.0,
        1.0,
        1.5
      ]
    ],
    [
      0.115244408612073,
      [
        0.5,
        1.0,
        0.75
      ]
    ],
    [
      0.14415630596340634,
      [
        2.0,
        1.0,
        1.5
      ]
    ],
    [
      0.14892593635678558,
      [
        2.0,
        1.0,
        1.0
      ]
    ],
    [
      0.2064326049855611,
      [
        2.0,
        1.0,
        0.75
      ]
    ]
  ]
}