{
  "lr_mul": 0.5,
  "epochs_mul": 1.0,
  "grad_acc_mul": 1.5,
  "loss_valid": 0.20937417405233927,
  "search_space": [
    [
      0.5,
      1.0,
      0.75
    ],
    [
      0.5,
      1.0,
      1.0
    ],
    [
      0.5,
      1.0,
      1.5
    ],
    [
      1.0,
      1.0,
      0.75
    ],
    [
      1.0,
      1.0,
      1.0
    ],
    [
      1.0,
      1.0,
      1.5
    ],
    [
      2.0,
      1.0,
      0.75
    ],
    [
      2.0,
      1.0,
      1.0
    ],
    [
      2.0,
      1.0,
      1.5
    ]
  ],
  "args": [
    5,
    "mnli",
    4,
    -1,
    1.0
  ],
  "raw_results": [
    [
      0.20937417405233927,
      [
        0.5,
        1.0,
        1.5
      ]
    ],
    [
      0.2119474384514577,
      [
        0.5,
        1.0,
        1.0
      ]
    ],
    [
      0.21565040094278937,
      [
        0.5,
        1.0,
        0.75
      ]
    ],
    [
      0.2226670912424162,
      [
        1.0,
        1.0,
        1.5
      ]
    ],
    [
      0.22933941895758922,
      [
        1.0,
        1.0,
        1.0
      ]
    ],
    [
      0.2369132819405982,
      [
        1.0,
        1.0,
        0.75
      ]
    ],
    [
      0.25347952533868173,
      [
        2.0,
        1.0,
        1.5
      ]
    ],
    [
      0.27281095032554065,
      [
        2.0,
        1.0,
        1.0
      ]
    ],
    [
      0.2824308728449148,
      [
        2.0,
        1.0,
        0.75
      ]
    ]
  ]
}