{
  "lr_mul": 1.0,
  "epochs_mul": 1.0,
  "grad_acc_mul": 1.5,
  "loss_valid": 0.09647624579790448,
  "search_space": [
    [
      0.5,
      1.0,
      0.75
    ],
    [
      0.5,
      1.0,
      1.0
    ],
    [
      0.5,
      1.0,
      1.5
    ],
    [
      1.0,
      1.0,
      0.75
    ],
    [
      1.0,
      1.0,
      1.0
    ],
    [
      1.0,
      1.0,
      1.5
    ],
    [
      2.0,
      1.0,
      0.75
    ],
    [
      2.0,
      1.0,
      1.0
    ],
    [
      2.0,
      1.0,
      1.5
    ]
  ],
  "args": [
    4,
    "mrpc",
    4,
    -1,
    0.0
  ],
  "raw_results": [
    [
      0.09647624579790448,
      [
        1.0,
        1.0,
        1.5
      ]
    ],
    [
      0.1015896040547107,
      [
        0.5,
        1.0,
        0.75
      ]
    ],
    [
      0.1028940103548978,
      [
        0.5,
        1.0,
        1.5
      ]
    ],
    [
      0.1034600082651845,
      [
        0.5,
        1.0,
        1.0
      ]
    ],
    [
      0.10551203956295337,
      [
        1.0,
        1.0,
        1.0
      ]
    ],
    [
      0.10634704124448555,
      [
        1.0,
        1.0,
        0.75
      ]
    ],
    [
      0.11013540364801884,
      [
        2.0,
        1.0,
        1.5
      ]
    ],
    [
      0.11348874971403607,
      [
        2.0,
        1.0,
        1.0
      ]
    ],
    [
      0.13850292029258396,
      [
        2.0,
        1.0,
        0.75
      ]
    ]
  ]
}