{
  "lr_mul": 1.0,
  "epochs_mul": 1.0,
  "grad_acc_mul": 0.75,
  "loss_valid": 0.424623681288777,
  "search_space": [
    [
      0.5,
      1.0,
      0.75
    ],
    [
      0.5,
      1.0,
      1.0
    ],
    [
      0.5,
      1.0,
      1.5
    ],
    [
      1.0,
      1.0,
      0.75
    ],
    [
      1.0,
      1.0,
      1.0
    ],
    [
      1.0,
      1.0,
      1.5
    ],
    [
      2.0,
      1.0,
      0.75
    ],
    [
      2.0,
      1.0,
      1.0
    ],
    [
      2.0,
      1.0,
      1.5
    ]
  ],
  "args": [
    5,
    "stsb",
    4,
    -1,
    1.0
  ],
  "raw_results": [
    [
      0.424623681288777,
      [
        1.0,
        1.0,
        0.75
      ]
    ],
    [
      0.43203667438391485,
      [
        1.0,
        1.0,
        1.5
      ]
    ],
    [
      0.4337844250328613,
      [
        0.5,
        1.0,
        0.75
      ]
    ],
    [
      0.4404900421698888,
      [
        0.5,
        1.0,
        1.5
      ]
    ],
    [
      0.4443872155565204,
      [
        2.0,
        1.0,
        1.5
      ]
    ],
    [
      0.4465084613272638,
      [
        1.0,
        1.0,
        1.0
      ]
    ],
    [
      0.4566231776367534,
      [
        2.0,
        1.0,
        0.75
      ]
    ],
    [
      0.4589414770404498,
      [
        0.5,
        1.0,
        1.0
      ]
    ],
    [
      0.5119630856947466,
      [
        2.0,
        1.0,
        1.0
      ]
    ]
  ]
}