{
  "lr_mul": 2.0,
  "epochs_mul": 1.0,
  "grad_acc_mul": 0.75,
  "loss_valid": 0.22296620878790105,
  "search_space": [
    [
      0.5,
      1.0,
      0.75
    ],
    [
      0.5,
      1.0,
      1.0
    ],
    [
      0.5,
      1.0,
      1.5
    ],
    [
      1.0,
      1.0,
      0.75
    ],
    [
      1.0,
      1.0,
      1.0
    ],
    [
      1.0,
      1.0,
      1.5
    ],
    [
      2.0,
      1.0,
      0.75
    ],
    [
      2.0,
      1.0,
      1.0
    ],
    [
      2.0,
      1.0,
      1.5
    ]
  ],
  "args": [
    1,
    "mrpc",
    4,
    -1,
    -1.5
  ],
  "raw_results": [
    [
      0.22296620878790105,
      [
        2.0,
        1.0,
        0.75
      ]
    ],
    [
      0.22822644992598465,
      [
        2.0,
        1.0,
        1.5
      ]
    ],
    [
      0.2305299668439797,
      [
        2.0,
        1.0,
        1.0
      ]
    ],
    [
      0.2575241353894983,
      [
        1.0,
        1.0,
        0.75
      ]
    ],
    [
      0.2640504532626697,
      [
        1.0,
        1.0,
        1.5
      ]
    ],
    [
      0.27846140946660725,
      [
        0.5,
        1.0,
        1.0
      ]
    ],
    [
      0.28632427752017975,
      [
        0.5,
        1.0,
        1.5
      ]
    ],
    [
      0.31327201782592706,
      [
        1.0,
        1.0,
        1.0
      ]
    ],
    [
      0.3187719412147999,
      [
        0.5,
        1.0,
        0.75
      ]
    ]
  ]
}