{
  "lr_mul": 0.5,
  "epochs_mul": 1.0,
  "grad_acc_mul": 1.5,
  "loss_valid": 0.08942301643046953,
  "search_space": [
    [
      0.5,
      1.0,
      0.75
    ],
    [
      0.5,
      1.0,
      1.0
    ],
    [
      0.5,
      1.0,
      1.5
    ],
    [
      1.0,
      1.0,
      0.75
    ],
    [
      1.0,
      1.0,
      1.0
    ],
    [
      1.0,
      1.0,
      1.5
    ],
    [
      2.0,
      1.0,
      0.75
    ],
    [
      2.0,
      1.0,
      1.0
    ],
    [
      2.0,
      1.0,
      1.5
    ]
  ],
  "args": [
    4,
    "qqp",
    4,
    -1,
    0.0
  ],
  "raw_results": [
    [
      0.08942301643046953,
      [
        0.5,
        1.0,
        1.5
      ]
    ],
    [
      0.09311386457184495,
      [
        0.5,
        1.0,
        1.0
      ]
    ],
    [
      0.10291751591143569,
      [
        1.0,
        1.0,
        1.5
      ]
    ],
    [
      0.11475955243199762,
      [
        1.0,
        1.0,
        1.0
      ]
    ],
    [
      0.11978328641307054,
      [
        0.5,
        1.0,
        0.75
      ]
    ],
    [
      0.12815313814757415,
      [
        2.0,
        1.0,
        1.5
      ]
    ],
    [
      0.1450502124543777,
      [
        2.0,
        1.0,
        1.0
      ]
    ],
    [
      0.16042216263619963,
      [
        2.0,
        1.0,
        0.75
      ]
    ],
    [
      0.1819596309001607,
      [
        1.0,
        1.0,
        0.75
      ]
    ]
  ]
}