{
  "lr_mul": 0.5,
  "epochs_mul": 1.0,
  "grad_acc_mul": 1.5,
  "loss_valid": 0.6918292889992396,
  "search_space": [
    [
      0.5,
      1.0,
      0.75
    ],
    [
      0.5,
      1.0,
      1.0
    ],
    [
      0.5,
      1.0,
      1.5
    ],
    [
      1.0,
      1.0,
      0.75
    ],
    [
      1.0,
      1.0,
      1.0
    ],
    [
      1.0,
      1.0,
      1.5
    ],
    [
      2.0,
      1.0,
      0.75
    ],
    [
      2.0,
      1.0,
      1.0
    ],
    [
      2.0,
      1.0,
      1.5
    ]
  ],
  "args": [
    4,
    "wnli",
    4,
    -1,
    0.0
  ],
  "raw_results": [
    [
      0.6918292889992396,
      [
        0.5,
        1.0,
        1.5
      ]
    ],
    [
      0.6918648779392242,
      [
        0.5,
        1.0,
        0.75
      ]
    ],
    [
      0.6920592933893204,
      [
        0.5,
        1.0,
        1.0
      ]
    ],
    [
      0.6921947151422501,
      [
        1.0,
        1.0,
        1.5
      ]
    ],
    [
      0.6922550573945045,
      [
        1.0,
        1.0,
        0.75
      ]
    ],
    [
      0.6924782544374466,
      [
        1.0,
        1.0,
        1.0
      ]
    ],
    [
      0.692867728571097,
      [
        2.0,
        1.0,
        1.5
      ]
    ],
    [
      0.6929895157615343,
      [
        2.0,
        1.0,
        0.75
      ]
    ],
    [
      0.6933261776963869,
      [
        2.0,
        1.0,
        1.0
      ]
    ]
  ]
}