{
  "lr_mul": 1.0,
  "epochs_mul": 1.0,
  "grad_acc_mul": 1.5,
  "loss_valid": 0.17213803372745004,
  "search_space": [
    [
      0.5,
      1.0,
      0.75
    ],
    [
      0.5,
      1.0,
      1.0
    ],
    [
      0.5,
      1.0,
      1.5
    ],
    [
      1.0,
      1.0,
      0.75
    ],
    [
      1.0,
      1.0,
      1.0
    ],
    [
      1.0,
      1.0,
      1.5
    ],
    [
      2.0,
      1.0,
      0.75
    ],
    [
      2.0,
      1.0,
      1.0
    ],
    [
      2.0,
      1.0,
      1.5
    ]
  ],
  "args": [
    3,
    "mrpc",
    4,
    -1,
    -0.5
  ],
  "raw_results": [
    [
      0.17213803372745004,
      [
        1.0,
        1.0,
        1.5
      ]
    ],
    [
      0.1752743776488517,
      [
        1.0,
        1.0,
        1.0
      ]
    ],
    [
      0.17848759096648012,
      [
        2.0,
        1.0,
        1.0
      ]
    ],
    [
      0.1792712589991944,
      [
        0.5,
        1.0,
        0.75
      ]
    ],
    [
      0.18784593458154372,
      [
        0.5,
        1.0,
        1.0
      ]
    ],
    [
      0.19487766969416823,
      [
        0.5,
        1.0,
        1.5
      ]
    ],
    [
      0.19554457862728408,
      [
        1.0,
        1.0,
        0.75
      ]
    ],
    [
      0.22488221949232476,
      [
        2.0,
        1.0,
        1.5
      ]
    ],
    [
      0.22969097779797656,
      [
        2.0,
        1.0,
        0.75
      ]
    ]
  ]
}