{
  "lr_mul": 2.0,
  "epochs_mul": 1.0,
  "grad_acc_mul": 1.5,
  "loss_valid": 0.6932982976237932,
  "search_space": [
    [
      0.5,
      1.0,
      0.75
    ],
    [
      0.5,
      1.0,
      1.0
    ],
    [
      0.5,
      1.0,
      1.5
    ],
    [
      1.0,
      1.0,
      0.75
    ],
    [
      1.0,
      1.0,
      1.0
    ],
    [
      1.0,
      1.0,
      1.5
    ],
    [
      2.0,
      1.0,
      0.75
    ],
    [
      2.0,
      1.0,
      1.0
    ],
    [
      2.0,
      1.0,
      1.5
    ]
  ],
  "args": [
    1,
    "wnli",
    4,
    -1,
    -1.5
  ],
  "raw_results": [
    [
      0.6932982976237932,
      [
        2.0,
        1.0,
        1.5
      ]
    ],
    [
      0.693362794816494,
      [
        0.5,
        1.0,
        1.0
      ]
    ],
    [
      0.6936411137382189,
      [
        2.0,
        1.0,
        1.0
      ]
    ],
    [
      0.6937564859787623,
      [
        2.0,
        1.0,
        0.75
      ]
    ],
    [
      0.6941216463843981,
      [
        1.0,
        1.0,
        1.0
      ]
    ],
    [
      0.6942358737190565,
      [
        0.5,
        1.0,
        0.75
      ]
    ],
    [
      0.6943520456552505,
      [
        1.0,
        1.0,
        1.5
      ]
    ],
    [
      0.69478407005469,
      [
        0.5,
        1.0,
        1.5
      ]
    ],
    [
      0.6949904883901278,
      [
        1.0,
        1.0,
        0.75
      ]
    ]
  ]
}