{
  "lr_mul": 0.5,
  "epochs_mul": 1.0,
  "grad_acc_mul": 1.0,
  "loss_valid": 0.1189657120908903,
  "search_space": [
    [
      0.5,
      1.0,
      0.75
    ],
    [
      0.5,
      1.0,
      1.0
    ],
    [
      0.5,
      1.0,
      1.5
    ],
    [
      1.0,
      1.0,
      0.75
    ],
    [
      1.0,
      1.0,
      1.0
    ],
    [
      1.0,
      1.0,
      1.5
    ],
    [
      2.0,
      1.0,
      0.75
    ],
    [
      2.0,
      1.0,
      1.0
    ],
    [
      2.0,
      1.0,
      1.5
    ]
  ],
  "args": [
    0,
    "sst2",
    4,
    -1,
    -2.0
  ],
  "raw_results": [
    [
      0.1189657120908903,
      [
        0.5,
        1.0,
        1.0
      ]
    ],
    [
      0.11973999562061399,
      [
        1.0,
        1.0,
        0.75
      ]
    ],
    [
      0.12007835349633228,
      [
        2.0,
        1.0,
        1.5
      ]
    ],
    [
      0.12224283278981189,
      [
        0.5,
        1.0,
        0.75
      ]
    ],
    [
      0.1245683693648918,
      [
        0.5,
        1.0,
        1.5
      ]
    ],
    [
      0.12660127299737017,
      [
        1.0,
        1.0,
        1.5
      ]
    ],
    [
      0.12984903580398546,
      [
        1.0,
        1.0,
        1.0
      ]
    ],
    [
      0.13330220092225595,
      [
        2.0,
        1.0,
        1.0
      ]
    ],
    [
      0.13613304102640983,
      [
        2.0,
        1.0,
        0.75
      ]
    ]
  ]
}