{
  "lr_mul": 2.0,
  "epochs_mul": 1.0,
  "grad_acc_mul": 1.0,
  "loss_valid": 0.6922118663787842,
  "search_space": [
    [
      0.5,
      1.0,
      0.75
    ],
    [
      0.5,
      1.0,
      1.0
    ],
    [
      0.5,
      1.0,
      1.5
    ],
    [
      1.0,
      1.0,
      0.75
    ],
    [
      1.0,
      1.0,
      1.0
    ],
    [
      1.0,
      1.0,
      1.5
    ],
    [
      2.0,
      1.0,
      0.75
    ],
    [
      2.0,
      1.0,
      1.0
    ],
    [
      2.0,
      1.0,
      1.5
    ]
  ],
  "args": [
    2,
    "wnli",
    4,
    -1,
    -1.0
  ],
  "raw_results": [
    [
      0.6922118663787842,
      [
        2.0,
        1.0,
        1.0
      ]
    ],
    [
      0.6928304880857468,
      [
        0.5,
        1.0,
        1.5
      ]
    ],
    [
      0.6928305824597677,
      [
        0.5,
        1.0,
        0.75
      ]
    ],
    [
      0.6934001247088114,
      [
        0.5,
        1.0,
        1.0
      ]
    ],
    [
      0.6935546870032946,
      [
        1.0,
        1.0,
        0.75
      ]
    ],
    [
      0.6935981313387553,
      [
        1.0,
        1.0,
        1.5
      ]
    ],
    [
      0.6940717399120331,
      [
        1.0,
        1.0,
        1.0
      ]
    ],
    [
      0.6949677517016729,
      [
        2.0,
        1.0,
        0.75
      ]
    ],
    [
      0.6956675027807554,
      [
        2.0,
        1.0,
        1.5
      ]
    ]
  ]
}