{
  "lr_mul": 2.0,
  "epochs_mul": 1.0,
  "grad_acc_mul": 1.5,
  "loss_valid": 0.30001577781513333,
  "search_space": [
    [
      0.5,
      1.0,
      0.75
    ],
    [
      0.5,
      1.0,
      1.0
    ],
    [
      0.5,
      1.0,
      1.5
    ],
    [
      1.0,
      1.0,
      0.75
    ],
    [
      1.0,
      1.0,
      1.0
    ],
    [
      1.0,
      1.0,
      1.5
    ],
    [
      2.0,
      1.0,
      0.75
    ],
    [
      2.0,
      1.0,
      1.0
    ],
    [
      2.0,
      1.0,
      1.5
    ]
  ],
  "args": [
    0,
    "rte",
    4,
    -1,
    -2.0
  ],
  "raw_results": [
    [
      0.30001577781513333,
      [
        2.0,
        1.0,
        1.5
      ]
    ],
    [
      0.3116627150946962,
      [
        1.0,
        1.0,
        0.75
      ]
    ],
    [
      0.3144441710651985,
      [
        1.0,
        1.0,
        1.5
      ]
    ],
    [
      0.31850819289684296,
      [
        0.5,
        1.0,
        1.5
      ]
    ],
    [
      0.34038488087909563,
      [
        2.0,
        1.0,
        1.0
      ]
    ],
    [
      0.3453191773400509,
      [
        2.0,
        1.0,
        0.75
      ]
    ],
    [
      0.34719186143151354,
      [
        0.5,
        1.0,
        0.75
      ]
    ],
    [
      0.3747773993693824,
      [
        1.0,
        1.0,
        1.0
      ]
    ],
    [
      0.39129202214202713,
      [
        0.5,
        1.0,
        1.0
      ]
    ]
  ]
}