{
  "lr_mul": 0.5,
  "epochs_mul": 1.0,
  "grad_acc_mul": 1.0,
  "loss_valid": 0.7950656161163793,
  "search_space": [
    [
      0.5,
      1.0,
      0.75
    ],
    [
      0.5,
      1.0,
      1.0
    ],
    [
      0.5,
      1.0,
      1.5
    ],
    [
      1.0,
      1.0,
      0.75
    ],
    [
      1.0,
      1.0,
      1.0
    ],
    [
      1.0,
      1.0,
      1.5
    ],
    [
      2.0,
      1.0,
      0.75
    ],
    [
      2.0,
      1.0,
      1.0
    ],
    [
      2.0,
      1.0,
      1.5
    ]
  ],
  "args": [
    1,
    "stsb",
    4,
    -1,
    -1.5
  ],
  "raw_results": [
    [
      0.7950656161163793,
      [
        0.5,
        1.0,
        1.0
      ]
    ],
    [
      0.8290776953552709,
      [
        1.0,
        1.0,
        1.0
      ]
    ],
    [
      0.8511952098571893,
      [
        2.0,
        1.0,
        0.75
      ]
    ],
    [
      0.8517480971235217,
      [
        2.0,
        1.0,
        1.0
      ]
    ],
    [
      0.8632618342385148,
      [
        2.0,
        1.0,
        1.5
      ]
    ],
    [
      0.885211857882413,
      [
        1.0,
        1.0,
        0.75
      ]
    ],
    [
      0.9160486152677825,
      [
        1.0,
        1.0,
        1.5
      ]
    ],
    [
      1.1727433367209001,
      [
        0.5,
        1.0,
        0.75
      ]
    ],
    [
      1.2282880951057782,
      [
        0.5,
        1.0,
        1.5
      ]
    ]
  ]
}