{
  "lr_mul": 0.5,
  "epochs_mul": 1.0,
  "grad_acc_mul": 1.5,
  "loss_valid": 0.08422265310451084,
  "search_space": [
    [
      0.5,
      1.0,
      0.75
    ],
    [
      0.5,
      1.0,
      1.0
    ],
    [
      0.5,
      1.0,
      1.5
    ],
    [
      1.0,
      1.0,
      0.75
    ],
    [
      1.0,
      1.0,
      1.0
    ],
    [
      1.0,
      1.0,
      1.5
    ],
    [
      2.0,
      1.0,
      0.75
    ],
    [
      2.0,
      1.0,
      1.0
    ],
    [
      2.0,
      1.0,
      1.5
    ]
  ],
  "args": [
    3,
    "sst2",
    4,
    -1,
    -0.5
  ],
  "raw_results": [
    [
      0.08422265310451084,
      [
        0.5,
        1.0,
        1.5
      ]
    ],
    [
      0.08784240436166436,
      [
        0.5,
        1.0,
        1.0
      ]
    ],
    [
      0.08951042402958949,
      [
        1.0,
        1.0,
        1.5
      ]
    ],
    [
      0.08953681669402548,
      [
        1.0,
        1.0,
        0.75
      ]
    ],
    [
      0.09012586470923109,
      [
        0.5,
        1.0,
        0.75
      ]
    ],
    [
      0.09310294727802199,
      [
        1.0,
        1.0,
        1.0
      ]
    ],
    [
      0.10904291854424299,
      [
        2.0,
        1.0,
        1.5
      ]
    ],
    [
      0.11419806440543914,
      [
        2.0,
        1.0,
        0.75
      ]
    ],
    [
      0.1205798326469319,
      [
        2.0,
        1.0,
        1.0
      ]
    ]
  ]
}