{
  "lr_mul": 2.0,
  "epochs_mul": 1.0,
  "grad_acc_mul": 1.0,
  "loss_valid": 0.18962192008537906,
  "search_space": [
    [
      0.5,
      1.0,
      0.75
    ],
    [
      0.5,
      1.0,
      1.0
    ],
    [
      0.5,
      1.0,
      1.5
    ],
    [
      1.0,
      1.0,
      0.75
    ],
    [
      1.0,
      1.0,
      1.0
    ],
    [
      1.0,
      1.0,
      1.5
    ],
    [
      2.0,
      1.0,
      0.75
    ],
    [
      2.0,
      1.0,
      1.0
    ],
    [
      2.0,
      1.0,
      1.5
    ]
  ],
  "args": [
    2,
    "mrpc",
    4,
    -1,
    -1.0
  ],
  "raw_results": [
    [
      0.18962192008537906,
      [
        2.0,
        1.0,
        1.0
      ]
    ],
    [
      0.2045371395136629,
      [
        1.0,
        1.0,
        0.75
      ]
    ],
    [
      0.21776702467884337,
      [
        2.0,
        1.0,
        0.75
      ]
    ],
    [
      0.22286573267940965,
      [
        1.0,
        1.0,
        1.0
      ]
    ],
    [
      0.22539772274238723,
      [
        1.0,
        1.0,
        1.5
      ]
    ],
    [
      0.22543923814914058,
      [
        2.0,
        1.0,
        1.5
      ]
    ],
    [
      0.27663896147693906,
      [
        0.5,
        1.0,
        1.5
      ]
    ],
    [
      0.28087035843304226,
      [
        0.5,
        1.0,
        0.75
      ]
    ],
    [
      0.2895554827792304,
      [
        0.5,
        1.0,
        1.0
      ]
    ]
  ]
}