{
  "lr_mul": 1.0,
  "epochs_mul": 1.0,
  "grad_acc_mul": 0.75,
  "loss_valid": 0.43268240852789447,
  "search_space": [
    [
      0.5,
      1.0,
      0.75
    ],
    [
      0.5,
      1.0,
      1.0
    ],
    [
      0.5,
      1.0,
      1.5
    ],
    [
      1.0,
      1.0,
      0.75
    ],
    [
      1.0,
      1.0,
      1.0
    ],
    [
      1.0,
      1.0,
      1.5
    ],
    [
      2.0,
      1.0,
      0.75
    ],
    [
      2.0,
      1.0,
      1.0
    ],
    [
      2.0,
      1.0,
      1.5
    ]
  ],
  "args": [
    4,
    "stsb",
    4,
    -1,
    0.0
  ],
  "raw_results": [
    [
      0.43268240852789447,
      [
        1.0,
        1.0,
        0.75
      ]
    ],
    [
      0.4522098357027227,
      [
        2.0,
        1.0,
        0.75
      ]
    ],
    [
      0.4583308425816623,
      [
        1.0,
        1.0,
        1.5
      ]
    ],
    [
      0.4683252234350551,
      [
        2.0,
        1.0,
        1.5
      ]
    ],
    [
      0.4727278430805062,
      [
        0.5,
        1.0,
        1.0
      ]
    ],
    [
      0.47944245555184106,
      [
        0.5,
        1.0,
        1.5
      ]
    ],
    [
      0.47960695308266266,
      [
        0.5,
        1.0,
        0.75
      ]
    ],
    [
      0.5067843397458395,
      [
        1.0,
        1.0,
        1.0
      ]
    ],
    [
      0.5193915954141906,
      [
        2.0,
        1.0,
        1.0
      ]
    ]
  ]
}