{
  "lr_mul": 2.0,
  "epochs_mul": 1.0,
  "grad_acc_mul": 1.0,
  "loss_valid": 0.35043179268406993,
  "search_space": [
    [
      0.5,
      1.0,
      0.75
    ],
    [
      0.5,
      1.0,
      1.0
    ],
    [
      0.5,
      1.0,
      1.5
    ],
    [
      1.0,
      1.0,
      0.75
    ],
    [
      1.0,
      1.0,
      1.0
    ],
    [
      1.0,
      1.0,
      1.5
    ],
    [
      2.0,
      1.0,
      0.75
    ],
    [
      2.0,
      1.0,
      1.0
    ],
    [
      2.0,
      1.0,
      1.5
    ]
  ],
  "args": [
    1,
    "mnli",
    4,
    -1,
    -1.5
  ],
  "raw_results": [
    [
      0.35043179268406993,
      [
        2.0,
        1.0,
        1.0
      ]
    ],
    [
      0.3525428367001482,
      [
        2.0,
        1.0,
        1.5
      ]
    ],
    [
      0.428332958289343,
      [
        1.0,
        1.0,
        0.75
      ]
    ],
    [
      0.44256690233274437,
      [
        1.0,
        1.0,
        1.5
      ]
    ],
    [
      0.4455614015477563,
      [
        1.0,
        1.0,
        1.0
      ]
    ],
    [
      0.4671420257831291,
      [
        0.5,
        1.0,
        0.75
      ]
    ],
    [
      0.4832682258110944,
      [
        0.5,
        1.0,
        1.0
      ]
    ],
    [
      0.48777562945375036,
      [
        0.5,
        1.0,
        1.5
      ]
    ],
    [
      0.8609540833588663,
      [
        2.0,
        1.0,
        0.75
      ]
    ]
  ]
}