{
  "lr_mul": 1.0,
  "epochs_mul": 1.0,
  "grad_acc_mul": 1.5,
  "loss_valid": 0.24854628656652938,
  "search_space": [
    [
      0.5,
      1.0,
      0.75
    ],
    [
      0.5,
      1.0,
      1.0
    ],
    [
      0.5,
      1.0,
      1.5
    ],
    [
      1.0,
      1.0,
      0.75
    ],
    [
      1.0,
      1.0,
      1.0
    ],
    [
      1.0,
      1.0,
      1.5
    ],
    [
      2.0,
      1.0,
      0.75
    ],
    [
      2.0,
      1.0,
      1.0
    ],
    [
      2.0,
      1.0,
      1.5
    ]
  ],
  "args": [
    2,
    "mnli",
    4,
    -1,
    -1.0
  ],
  "raw_results": [
    [
      0.24854628656652938,
      [
        1.0,
        1.0,
        1.5
      ]
    ],
    [
      0.2505654428801356,
      [
        1.0,
        1.0,
        1.0
      ]
    ],
    [
      0.25111302134903335,
      [
        2.0,
        1.0,
        1.5
      ]
    ],
    [
      0.3566882312798201,
      [
        0.5,
        1.0,
        0.75
      ]
    ],
    [
      0.383897320945441,
      [
        0.5,
        1.0,
        1.0
      ]
    ],
    [
      0.4057579895725349,
      [
        0.5,
        1.0,
        1.5
      ]
    ],
    [
      0.6678888778442987,
      [
        2.0,
        1.0,
        0.75
      ]
    ],
    [
      0.6888175426926756,
      [
        2.0,
        1.0,
        1.0
      ]
    ],
    [
      0.8172688378181622,
      [
        1.0,
        1.0,
        0.75
      ]
    ]
  ]
}