{
  "lr_mul": 2.0,
  "epochs_mul": 1.0,
  "grad_acc_mul": 1.5,
  "loss_valid": 0.6358363420674296,
  "search_space": [
    [
      0.5,
      1.0,
      0.75
    ],
    [
      0.5,
      1.0,
      1.0
    ],
    [
      0.5,
      1.0,
      1.5
    ],
    [
      1.0,
      1.0,
      0.75
    ],
    [
      1.0,
      1.0,
      1.0
    ],
    [
      1.0,
      1.0,
      1.5
    ],
    [
      2.0,
      1.0,
      0.75
    ],
    [
      2.0,
      1.0,
      1.0
    ],
    [
      2.0,
      1.0,
      1.5
    ]
  ],
  "args": [
    2,
    "stsb",
    4,
    -1,
    -1.0
  ],
  "raw_results": [
    [
      0.6358363420674296,
      [
        2.0,
        1.0,
        1.5
      ]
    ],
    [
      0.6595493979526289,
      [
        2.0,
        1.0,
        1.0
      ]
    ],
    [
      0.7284724536267194,
      [
        1.0,
        1.0,
        1.0
      ]
    ],
    [
      0.7676838618336301,
      [
        2.0,
        1.0,
        0.75
      ]
    ],
    [
      0.8099642666903409,
      [
        0.5,
        1.0,
        1.0
      ]
    ],
    [
      0.8143405869151606,
      [
        1.0,
        1.0,
        0.75
      ]
    ],
    [
      0.8517427038062703,
      [
        1.0,
        1.0,
        1.5
      ]
    ],
    [
      0.9220038571140983,
      [
        0.5,
        1.0,
        0.75
      ]
    ],
    [
      0.9583909565752203,
      [
        0.5,
        1.0,
        1.5
      ]
    ]
  ]
}