{
  "lr_mul": 2.0,
  "epochs_mul": 1.0,
  "grad_acc_mul": 0.75,
  "loss_valid": 0.47738143440448877,
  "search_space": [
    [
      0.5,
      1.0,
      0.75
    ],
    [
      0.5,
      1.0,
      1.0
    ],
    [
      0.5,
      1.0,
      1.5
    ],
    [
      1.0,
      1.0,
      0.75
    ],
    [
      1.0,
      1.0,
      1.0
    ],
    [
      1.0,
      1.0,
      1.5
    ],
    [
      2.0,
      1.0,
      0.75
    ],
    [
      2.0,
      1.0,
      1.0
    ],
    [
      2.0,
      1.0,
      1.5
    ]
  ],
  "args": [
    3,
    "stsb",
    4,
    -1,
    -0.5
  ],
  "raw_results": [
    [
      0.47738143440448877,
      [
        2.0,
        1.0,
        0.75
      ]
    ],
    [
      0.48495232652534137,
      [
        2.0,
        1.0,
        1.5
      ]
    ],
    [
      0.4926902186689955,
      [
        1.0,
        1.0,
        1.5
      ]
    ],
    [
      0.510512835148609,
      [
        1.0,
        1.0,
        0.75
      ]
    ],
    [
      0.5243261826760841,
      [
        1.0,
        1.0,
        1.0
      ]
    ],
    [
      0.5321172268101664,
      [
        0.5,
        1.0,
        1.0
      ]
    ],
    [
      0.5762144647764437,
      [
        2.0,
        1.0,
        1.0
      ]
    ],
    [
      0.5811961835080927,
      [
        0.5,
        1.0,
        1.5
      ]
    ],
    [
      0.5832916755567897,
      [
        0.5,
        1.0,
        0.75
      ]
    ]
  ]
}