{
  "lr_mul": 2.0,
  "epochs_mul": 1.0,
  "grad_acc_mul": 1.5,
  "loss_valid": 0.10098448581695763,
  "search_space": [
    [
      0.5,
      1.0,
      0.75
    ],
    [
      0.5,
      1.0,
      1.0
    ],
    [
      0.5,
      1.0,
      1.5
    ],
    [
      1.0,
      1.0,
      0.75
    ],
    [
      1.0,
      1.0,
      1.0
    ],
    [
      1.0,
      1.0,
      1.5
    ],
    [
      2.0,
      1.0,
      0.75
    ],
    [
      2.0,
      1.0,
      1.0
    ],
    [
      2.0,
      1.0,
      1.5
    ]
  ],
  "args": [
    3,
    "qnli",
    4,
    -1,
    -0.5
  ],
  "raw_results": [
    [
      0.10098448581695763,
      [
        2.0,
        1.0,
        1.5
      ]
    ],
    [
      0.10803365490377786,
      [
        1.0,
        1.0,
        1.0
      ]
    ],
    [
      0.11256832837927432,
      [
        1.0,
        1.0,
        1.5
      ]
    ],
    [
      0.1171897321810518,
      [
        2.0,
        1.0,
        1.0
      ]
    ],
    [
      0.12147312887382251,
      [
        1.0,
        1.0,
        0.75
      ]
    ],
    [
      0.13250275089781705,
      [
        0.5,
        1.0,
        0.75
      ]
    ],
    [
      0.13740628024567816,
      [
        0.5,
        1.0,
        1.0
      ]
    ],
    [
      0.14351686695368363,
      [
        0.5,
        1.0,
        1.5
      ]
    ],
    [
      0.14418186480672826,
      [
        2.0,
        1.0,
        0.75
      ]
    ]
  ]
}