{
  "lr_mul": 0.5,
  "epochs_mul": 1.0,
  "grad_acc_mul": 1.5,
  "loss_valid": 0.06820751900636003,
  "search_space": [
    [
      0.5,
      1.0,
      0.75
    ],
    [
      0.5,
      1.0,
      1.0
    ],
    [
      0.5,
      1.0,
      1.5
    ],
    [
      1.0,
      1.0,
      0.75
    ],
    [
      1.0,
      1.0,
      1.0
    ],
    [
      1.0,
      1.0,
      1.5
    ],
    [
      2.0,
      1.0,
      0.75
    ],
    [
      2.0,
      1.0,
      1.0
    ],
    [
      2.0,
      1.0,
      1.5
    ]
  ],
  "args": [
    4,
    "sst2",
    4,
    -1,
    0.0
  ],
  "raw_results": [
    [
      0.06820751900636003,
      [
        0.5,
        1.0,
        1.5
      ]
    ],
    [
      0.07148482180457,
      [
        0.5,
        1.0,
        0.75
      ]
    ],
    [
      0.07581008790247634,
      [
        0.5,
        1.0,
        1.0
      ]
    ],
    [
      0.08523304110403986,
      [
        1.0,
        1.0,
        1.5
      ]
    ],
    [
      0.08706518255513884,
      [
        1.0,
        1.0,
        0.75
      ]
    ],
    [
      0.09588555020672124,
      [
        1.0,
        1.0,
        1.0
      ]
    ],
    [
      0.1017875886669058,
      [
        2.0,
        1.0,
        1.5
      ]
    ],
    [
      0.11046475855975184,
      [
        2.0,
        1.0,
        0.75
      ]
    ],
    [
      0.11394313043493305,
      [
        2.0,
        1.0,
        1.0
      ]
    ]
  ]
}