{
  "lr_mul": 2.0,
  "epochs_mul": 1.0,
  "grad_acc_mul": 0.75,
  "loss_valid": 0.07426707020827703,
  "search_space": [
    [
      0.5,
      1.0,
      0.75
    ],
    [
      0.5,
      1.0,
      1.0
    ],
    [
      0.5,
      1.0,
      1.5
    ],
    [
      1.0,
      1.0,
      0.75
    ],
    [
      1.0,
      1.0,
      1.0
    ],
    [
      1.0,
      1.0,
      1.5
    ],
    [
      2.0,
      1.0,
      0.75
    ],
    [
      2.0,
      1.0,
      1.0
    ],
    [
      2.0,
      1.0,
      1.5
    ]
  ],
  "args": [
    5,
    "mrpc",
    4,
    -1,
    1.0
  ],
  "raw_results": [
    [
      0.07426707020827703,
      [
        2.0,
        1.0,
        0.75
      ]
    ],
    [
      0.0821825113014451,
      [
        0.5,
        1.0,
        1.0
      ]
    ],
    [
      0.0849926555994898,
      [
        1.0,
        1.0,
        1.0
      ]
    ],
    [
      0.08664055352232286,
      [
        1.0,
        1.0,
        0.75
      ]
    ],
    [
      0.0870109052663403,
      [
        0.5,
        1.0,
        0.75
      ]
    ],
    [
      0.08706804347623671,
      [
        0.5,
        1.0,
        1.5
      ]
    ],
    [
      0.10534981281297015,
      [
        1.0,
        1.0,
        1.5
      ]
    ],
    [
      0.10640358482820116,
      [
        2.0,
        1.0,
        1.0
      ]
    ],
    [
      0.12467429918636169,
      [
        2.0,
        1.0,
        1.5
      ]
    ]
  ]
}