{
  "lr_mul": 1.0,
  "epochs_mul": 1.0,
  "grad_acc_mul": 0.75,
  "loss_valid": 0.9289698067939642,
  "search_space": [
    [
      0.5,
      1.0,
      0.75
    ],
    [
      0.5,
      1.0,
      1.0
    ],
    [
      0.5,
      1.0,
      1.5
    ],
    [
      1.0,
      1.0,
      0.75
    ],
    [
      1.0,
      1.0,
      1.0
    ],
    [
      1.0,
      1.0,
      1.5
    ],
    [
      2.0,
      1.0,
      0.75
    ],
    [
      2.0,
      1.0,
      1.0
    ],
    [
      2.0,
      1.0,
      1.5
    ]
  ],
  "args": [
    0,
    "stsb",
    4,
    -1,
    -2.0
  ],
  "raw_results": [
    [
      0.9289698067939642,
      [
        1.0,
        1.0,
        0.75
      ]
    ],
    [
      0.9422375198566553,
      [
        1.0,
        1.0,
        1.5
      ]
    ],
    [
      0.951862840941458,
      [
        2.0,
        1.0,
        1.0
      ]
    ],
    [
      0.9531421679438967,
      [
        1.0,
        1.0,
        1.0
      ]
    ],
    [
      0.9685390790303549,
      [
        2.0,
        1.0,
        0.75
      ]
    ],
    [
      0.9787536760171255,
      [
        2.0,
        1.0,
        1.5
      ]
    ],
    [
      0.9820067611607638,
      [
        0.5,
        1.0,
        1.0
      ]
    ],
    [
      1.071646573868665,
      [
        0.5,
        1.0,
        1.5
      ]
    ],
    [
      1.0813948475953303,
      [
        0.5,
        1.0,
        0.75
      ]
    ]
  ]
}