{
  "lr_mul": 0.5,
  "epochs_mul": 1.0,
  "grad_acc_mul": 1.5,
  "loss_valid": 0.06668911122639865,
  "search_space": [
    [
      0.5,
      1.0,
      0.75
    ],
    [
      0.5,
      1.0,
      1.0
    ],
    [
      0.5,
      1.0,
      1.5
    ],
    [
      1.0,
      1.0,
      0.75
    ],
    [
      1.0,
      1.0,
      1.0
    ],
    [
      1.0,
      1.0,
      1.5
    ],
    [
      2.0,
      1.0,
      0.75
    ],
    [
      2.0,
      1.0,
      1.0
    ],
    [
      2.0,
      1.0,
      1.5
    ]
  ],
  "args": [
    5,
    "sst2",
    4,
    -1,
    1.0
  ],
  "raw_results": [
    [
      0.06668911122639865,
      [
        0.5,
        1.0,
        1.5
      ]
    ],
    [
      0.06696537858914058,
      [
        0.5,
        1.0,
        0.75
      ]
    ],
    [
      0.0752461324422866,
      [
        0.5,
        1.0,
        1.0
      ]
    ],
    [
      0.08992991478555273,
      [
        1.0,
        1.0,
        1.5
      ]
    ],
    [
      0.09135257557285138,
      [
        1.0,
        1.0,
        0.75
      ]
    ],
    [
      0.10571469267006131,
      [
        1.0,
        1.0,
        1.0
      ]
    ],
    [
      0.10840618638579776,
      [
        2.0,
        1.0,
        1.0
      ]
    ],
    [
      0.11236448247921911,
      [
        2.0,
        1.0,
        1.5
      ]
    ],
    [
      0.11953347866051145,
      [
        2.0,
        1.0,
        0.75
      ]
    ]
  ]
}