{
  "lr_mul": 0.5,
  "epochs_mul": 1.0,
  "grad_acc_mul": 1.0,
  "loss_valid": 0.19920003310609494,
  "search_space": [
    [
      0.5,
      1.0,
      0.75
    ],
    [
      0.5,
      1.0,
      1.0
    ],
    [
      0.5,
      1.0,
      1.5
    ],
    [
      1.0,
      1.0,
      0.75
    ],
    [
      1.0,
      1.0,
      1.0
    ],
    [
      1.0,
      1.0,
      1.5
    ],
    [
      2.0,
      1.0,
      0.75
    ],
    [
      2.0,
      1.0,
      1.0
    ],
    [
      2.0,
      1.0,
      1.5
    ]
  ],
  "args": [
    5,
    "cola",
    4,
    -1,
    1.0
  ],
  "raw_results": [
    [
      0.19920003310609494,
      [
        0.5,
        1.0,
        1.0
      ]
    ],
    [
      0.20708835473781603,
      [
        1.0,
        1.0,
        1.5
      ]
    ],
    [
      0.20708864565464372,
      [
        1.0,
        1.0,
        0.75
      ]
    ],
    [
      0.21295707475000658,
      [
        0.5,
        1.0,
        0.75
      ]
    ],
    [
      0.2129573137065546,
      [
        0.5,
        1.0,
        1.5
      ]
    ],
    [
      0.21376100938003625,
      [
        1.0,
        1.0,
        1.0
      ]
    ],
    [
      0.22778019607529876,
      [
        2.0,
        1.0,
        1.5
      ]
    ],
    [
      0.2292674301330995,
      [
        2.0,
        1.0,
        0.75
      ]
    ],
    [
      0.2347955691645512,
      [
        2.0,
        1.0,
        1.0
      ]
    ]
  ]
}