{
  "lr_mul": 2.0,
  "epochs_mul": 1.0,
  "grad_acc_mul": 0.75,
  "loss_valid": 0.3169829545554167,
  "search_space": [
    [
      0.5,
      1.0,
      0.75
    ],
    [
      0.5,
      1.0,
      1.0
    ],
    [
      0.5,
      1.0,
      1.5
    ],
    [
      1.0,
      1.0,
      0.75
    ],
    [
      1.0,
      1.0,
      1.0
    ],
    [
      1.0,
      1.0,
      1.5
    ],
    [
      2.0,
      1.0,
      0.75
    ],
    [
      2.0,
      1.0,
      1.0
    ],
    [
      2.0,
      1.0,
      1.5
    ]
  ],
  "args": [
    0,
    "cola",
    4,
    -1,
    -2.0
  ],
  "raw_results": [
    [
      0.3169829545554167,
      [
        2.0,
        1.0,
        0.75
      ]
    ],
    [
      0.32546658092033787,
      [
        1.0,
        1.0,
        0.75
      ]
    ],
    [
      0.3289195888947626,
      [
        2.0,
        1.0,
        1.0
      ]
    ],
    [
      0.3295125655876183,
      [
        1.0,
        1.0,
        1.0
      ]
    ],
    [
      0.3300451069885159,
      [
        0.5,
        1.0,
        1.0
      ]
    ],
    [
      0.3336790360695457,
      [
        1.0,
        1.0,
        1.5
      ]
    ],
    [
      0.3419319058056944,
      [
        0.5,
        1.0,
        1.5
      ]
    ],
    [
      0.344226488831991,
      [
        2.0,
        1.0,
        1.5
      ]
    ],
    [
      0.3469161369739482,
      [
        0.5,
        1.0,
        0.75
      ]
    ]
  ]
}