{
  "lr_mul": 0.5,
  "epochs_mul": 1.0,
  "grad_acc_mul": 1.0,
  "loss_valid": 0.09905186258429471,
  "search_space": [
    [
      0.5,
      1.0,
      0.75
    ],
    [
      0.5,
      1.0,
      1.0
    ],
    [
      0.5,
      1.0,
      1.5
    ],
    [
      1.0,
      1.0,
      0.75
    ],
    [
      1.0,
      1.0,
      1.0
    ],
    [
      1.0,
      1.0,
      1.5
    ],
    [
      2.0,
      1.0,
      0.75
    ],
    [
      2.0,
      1.0,
      1.0
    ],
    [
      2.0,
      1.0,
      1.5
    ]
  ],
  "args": [
    2,
    "qqp",
    4,
    -1,
    -1.0
  ],
  "raw_results": [
    [
      0.09905186258429471,
      [
        0.5,
        1.0,
        1.0
      ]
    ],
    [
      0.10789820392777393,
      [
        1.0,
        1.0,
        1.5
      ]
    ],
    [
      0.1188669412974522,
      [
        0.5,
        1.0,
        0.75
      ]
    ],
    [
      0.12035145999566511,
      [
        0.5,
        1.0,
        1.5
      ]
    ],
    [
      0.13295696182599334,
      [
        1.0,
        1.0,
        1.0
      ]
    ],
    [
      0.1374086615168722,
      [
        2.0,
        1.0,
        1.5
      ]
    ],
    [
      0.22792943521771783,
      [
        2.0,
        1.0,
        1.0
      ]
    ],
    [
      0.2943397395466573,
      [
        2.0,
        1.0,
        0.75
      ]
    ],
    [
      0.33355463113678374,
      [
        1.0,
        1.0,
        0.75
      ]
    ]
  ]
}