{
  "lr_mul": 0.5,
  "epochs_mul": 1.0,
  "grad_acc_mul": 1.5,
  "loss_valid": 0.2684169300233147,
  "search_space": [
    [
      0.5,
      1.0,
      0.75
    ],
    [
      0.5,
      1.0,
      1.0
    ],
    [
      0.5,
      1.0,
      1.5
    ],
    [
      1.0,
      1.0,
      0.75
    ],
    [
      1.0,
      1.0,
      1.0
    ],
    [
      1.0,
      1.0,
      1.5
    ],
    [
      2.0,
      1.0,
      0.75
    ],
    [
      2.0,
      1.0,
      1.0
    ],
    [
      2.0,
      1.0,
      1.5
    ]
  ],
  "args": [
    2,
    "rte",
    4,
    -1,
    -1.0
  ],
  "raw_results": [
    [
      0.2684169300233147,
      [
        0.5,
        1.0,
        1.5
      ]
    ],
    [
      0.2735204660400216,
      [
        0.5,
        1.0,
        0.75
      ]
    ],
    [
      0.28611406692237196,
      [
        1.0,
        1.0,
        0.75
      ]
    ],
    [
      0.28975040109695066,
      [
        0.5,
        1.0,
        1.0
      ]
    ],
    [
      0.2942427164442571,
      [
        1.0,
        1.0,
        1.0
      ]
    ],
    [
      0.3218049725650677,
      [
        1.0,
        1.0,
        1.5
      ]
    ],
    [
      0.35153746729650137,
      [
        2.0,
        1.0,
        1.5
      ]
    ],
    [
      0.35335542002160636,
      [
        2.0,
        1.0,
        1.0
      ]
    ],
    [
      0.4124620423036894,
      [
        2.0,
        1.0,
        0.75
      ]
    ]
  ]
}