{
  "lr_mul": 0.5,
  "epochs_mul": 1.0,
  "grad_acc_mul": 1.5,
  "loss_valid": 0.08376034741605866,
  "search_space": [
    [
      0.5,
      1.0,
      0.75
    ],
    [
      0.5,
      1.0,
      1.0
    ],
    [
      0.5,
      1.0,
      1.5
    ],
    [
      1.0,
      1.0,
      0.75
    ],
    [
      1.0,
      1.0,
      1.0
    ],
    [
      1.0,
      1.0,
      1.5
    ],
    [
      2.0,
      1.0,
      0.75
    ],
    [
      2.0,
      1.0,
      1.0
    ],
    [
      2.0,
      1.0,
      1.5
    ]
  ],
  "args": [
    5,
    "qnli",
    4,
    -1,
    1.0
  ],
  "raw_results": [
    [
      0.08376034741605866,
      [
        0.5,
        1.0,
        1.5
      ]
    ],
    [
      0.08928646820419728,
      [
        1.0,
        1.0,
        1.5
      ]
    ],
    [
      0.09378707861184556,
      [
        0.5,
        1.0,
        1.0
      ]
    ],
    [
      0.10370403811117401,
      [
        2.0,
        1.0,
        1.5
      ]
    ],
    [
      0.1050399932037545,
      [
        0.5,
        1.0,
        0.75
      ]
    ],
    [
      0.10578894239886169,
      [
        1.0,
        1.0,
        1.0
      ]
    ],
    [
      0.1196903000444294,
      [
        1.0,
        1.0,
        0.75
      ]
    ],
    [
      0.12105669931300751,
      [
        2.0,
        1.0,
        1.0
      ]
    ],
    [
      0.1470197271369749,
      [
        2.0,
        1.0,
        0.75
      ]
    ]
  ]
}