{
  "lr_mul": 2.0,
  "epochs_mul": 1.0,
  "grad_acc_mul": 1.5,
  "loss_valid": 0.47345634770364686,
  "search_space": [
    [
      0.5,
      1.0,
      0.75
    ],
    [
      0.5,
      1.0,
      1.0
    ],
    [
      0.5,
      1.0,
      1.5
    ],
    [
      1.0,
      1.0,
      0.75
    ],
    [
      1.0,
      1.0,
      1.0
    ],
    [
      1.0,
      1.0,
      1.5
    ],
    [
      2.0,
      1.0,
      0.75
    ],
    [
      2.0,
      1.0,
      1.0
    ],
    [
      2.0,
      1.0,
      1.5
    ]
  ],
  "args": [
    0,
    "mnli",
    4,
    -1,
    -2.0
  ],
  "raw_results": [
    [
      0.47345634770364686,
      [
        2.0,
        1.0,
        1.5
      ]
    ],
    [
      0.47767051073993266,
      [
        2.0,
        1.0,
        1.0
      ]
    ],
    [
      0.49311226485889004,
      [
        2.0,
        1.0,
        0.75
      ]
    ],
    [
      0.5015434464604804,
      [
        1.0,
        1.0,
        0.75
      ]
    ],
    [
      0.5018555921052591,
      [
        1.0,
        1.0,
        1.0
      ]
    ],
    [
      0.507301932248456,
      [
        1.0,
        1.0,
        1.5
      ]
    ],
    [
      0.5222710581691008,
      [
        0.5,
        1.0,
        0.75
      ]
    ],
    [
      0.5232329626019758,
      [
        0.5,
        1.0,
        1.0
      ]
    ],
    [
      0.5294361136397235,
      [
        0.5,
        1.0,
        1.5
      ]
    ]
  ]
}