{
  "lr_mul": 2.0,
  "epochs_mul": 1.0,
  "grad_acc_mul": 0.75,
  "loss_valid": 0.2718004527391854,
  "search_space": [
    [
      0.5,
      1.0,
      0.75
    ],
    [
      0.5,
      1.0,
      1.0
    ],
    [
      0.5,
      1.0,
      1.5
    ],
    [
      1.0,
      1.0,
      0.75
    ],
    [
      1.0,
      1.0,
      1.0
    ],
    [
      1.0,
      1.0,
      1.5
    ],
    [
      2.0,
      1.0,
      0.75
    ],
    [
      2.0,
      1.0,
      1.0
    ],
    [
      2.0,
      1.0,
      1.5
    ]
  ],
  "args": [
    4,
    "cola",
    4,
    -1,
    0.0
  ],
  "raw_results": [
    [
      0.2718004527391854,
      [
        2.0,
        1.0,
        0.75
      ]
    ],
    [
      0.2752455561103658,
      [
        2.0,
        1.0,
        1.5
      ]
    ],
    [
      0.28150033282104486,
      [
        2.0,
        1.0,
        1.0
      ]
    ],
    [
      0.2894260301399305,
      [
        1.0,
        1.0,
        1.0
      ]
    ],
    [
      0.29699583648941164,
      [
        0.5,
        1.0,
        1.0
      ]
    ],
    [
      0.3057382145537908,
      [
        1.0,
        1.0,
        1.5
      ]
    ],
    [
      0.3057396311185652,
      [
        1.0,
        1.0,
        0.75
      ]
    ],
    [
      0.3108744155615568,
      [
        0.5,
        1.0,
        0.75
      ]
    ],
    [
      0.31087843320615915,
      [
        0.5,
        1.0,
        1.5
      ]
    ]
  ]
}