{
  "lr_mul": 0.5,
  "epochs_mul": 1.0,
  "grad_acc_mul": 1.5,
  "loss_valid": 0.6924901927510897,
  "search_space": [
    [
      0.5,
      1.0,
      0.75
    ],
    [
      0.5,
      1.0,
      1.0
    ],
    [
      0.5,
      1.0,
      1.5
    ],
    [
      1.0,
      1.0,
      0.75
    ],
    [
      1.0,
      1.0,
      1.0
    ],
    [
      1.0,
      1.0,
      1.5
    ],
    [
      2.0,
      1.0,
      0.75
    ],
    [
      2.0,
      1.0,
      1.0
    ],
    [
      2.0,
      1.0,
      1.5
    ]
  ],
  "args": [
    3,
    "wnli",
    4,
    -1,
    -0.5
  ],
  "raw_results": [
    [
      0.6924901927510897,
      [
        0.5,
        1.0,
        1.5
      ]
    ],
    [
      0.6925070906678835,
      [
        0.5,
        1.0,
        0.75
      ]
    ],
    [
      0.6927410165468851,
      [
        0.5,
        1.0,
        1.0
      ]
    ],
    [
      0.6931070437033972,
      [
        1.0,
        1.0,
        0.75
      ]
    ],
    [
      0.6933066745599111,
      [
        1.0,
        1.0,
        1.5
      ]
    ],
    [
      0.6935538773735365,
      [
        1.0,
        1.0,
        1.0
      ]
    ],
    [
      0.6942679459849993,
      [
        2.0,
        1.0,
        1.5
      ]
    ],
    [
      0.6944009189804395,
      [
        2.0,
        1.0,
        1.0
      ]
    ],
    [
      0.6944499462842941,
      [
        2.0,
        1.0,
        0.75
      ]
    ]
  ]
}