{
  "mask1e-05": {
    "mask": 1e-05,
    "lambda_ps": [
      1e-05,
      0.001,
      0.1
    ],
    "metrics": [
      0.4556358612682346,
      0.4399369569903031,
      0.45844098248595105
    ],
    "occupies": [
      0.17578767240047455,
      0.18043766915798187,
      0.17352010309696198
    ]
  },
  "mask0.001": {
    "mask": 0.001,
    "lambda_ps": [
      1e-05,
      0.001,
      0.1
    ],
    "metrics": [
      0.4630403895250228,
      0.42696977338948733,
      0.4774369580816155
    ],
    "occupies": [
      0.19404740631580353,
      0.17365387082099915,
      0.1752348244190216
    ]
  },
  "mask0.1": {
    "mask": 0.1,
    "lambda_ps": [
      1e-05,
      0.001,
      0.1
    ],
    "metrics": [
      0.4033324209850535,
      0.4190778231127276,
      0.44691173398185324
    ],
    "occupies": [
      0.16671372950077057,
      0.15993084013462067,
      0.16564632952213287
    ]
  }
}