{
  "random": {
    "2": {
      "mnli": {
        "kldiv": 1.7503467019615986,
        "mse": 0.00868375266039502
      },
      "qnli": {
        "kldiv": 1.8026378136755432,
        "mse": 0.005234723475097763
      },
      "mrpc": {
        "kldiv": 1.9679622324528518,
        "mse": 0.005234006540433009
      },
      "cola": {
        "kldiv": 1.0845311617150026,
        "mse": 0.033871191791167446
      },
      "sst2": {
        "kldiv": 1.4762240619370433,
        "mse": 0.016671630269565592
      },
      "qqp": {
        "kldiv": 1.5960431064402518,
        "mse": 0.009919869442363923
      },
      "wnli": {
        "kldiv": 1.598207907544242,
        "mse": 0.0069952771559150684
      },
      "stsb": {
        "kldiv": 1.522995429153138,
        "mse": 0.009688920028101494
      },
      "rte": {
        "kldiv": 1.9883202422232855,
        "mse": 0.00480186976464687
      }
    },
    "4": {
      "mnli": {
        "kldiv": 1.7519965331067342,
        "mse": 0.008686435318309418
      },
      "qnli": {
        "kldiv": 1.8078416475527108,
        "mse": 0.005241059356375555
      },
      "mrpc": {
        "kldiv": 1.9750759329324887,
        "mse": 0.005240852924791038
      },
      "cola": {
        "kldiv": 1.081029266411183,
        "mse": 0.03381226017304203
      },
      "sst2": {
        "kldiv": 1.474437396995949,
        "mse": 0.016679706667183023
      },
      "qqp": {
        "kldiv": 1.6020054325427973,
        "mse": 0.009940634809563467
      },
      "wnli": {
        "kldiv": 1.5977381865183513,
        "mse": 0.006994122807453904
      },
      "stsb": {
        "kldiv": 1.5266139445469735,
        "mse": 0.009696672728338034
      },
      "rte": {
        "kldiv": 1.9880569401241484,
        "mse": 0.004802954546453076
      }
    }
  },
  "interpolate": {
    "2": {
      "mnli": {
        "kldiv": 1.7173620798371791,
        "mse": 0.008601272711917747
      },
      "qnli": {
        "kldiv": 1.782605870838221,
        "mse": 0.005214669156311138
      },
      "mrpc": {
        "kldiv": 1.948365996281306,
        "mse": 0.005218191406499871
      },
      "cola": {
        "kldiv": 1.070884530012514,
        "mse": 0.03365087812291641
      },
      "sst2": {
        "kldiv": 1.4621641501332774,
        "mse": 0.01661179534681706
      },
      "qqp": {
        "kldiv": 1.5755877488993857,
        "mse": 0.009860220877286302
      },
      "wnli": {
        "kldiv": 1.5751791463957892,
        "mse": 0.006955058404451443
      },
      "stsb": {
        "kldiv": 1.4991449382922328,
        "mse": 0.009615138644750514
      },
      "rte": {
        "kldiv": 1.9678378073942093,
        "mse": 0.00478491072038499
      }
    },
    "4": {
      "mnli": {
        "kldiv": 1.7096999371421788,
        "mse": 0.008578581892756012
      },
      "qnli": {
        "kldiv": 1.77503774805279,
        "mse": 0.005204157599421791
      },
      "mrpc": {
        "kldiv": 1.940590230771053,
        "mse": 0.005209658966460092
      },
      "cola": {
        "kldiv": 1.0629446027325649,
        "mse": 0.03344722180262062
      },
      "sst2": {
        "kldiv": 1.4528316763314333,
        "mse": 0.016545440114780582
      },
      "qqp": {
        "kldiv": 1.5678972414805414,
        "mse": 0.009833097228103303
      },
      "wnli": {
        "kldiv": 1.5688195708725188,
        "mse": 0.006938146129767928
      },
      "stsb": {
        "kldiv": 1.491523435352542,
        "mse": 0.009583856661742923
      },
      "rte": {
        "kldiv": 1.9592519379797435,
        "mse": 0.004775433756488686
      }
    }
  },
  "load": {
    "4": {
      "mnli": {
        "kldiv": 0.23934182493105688,
        "mse": 0.0012879437403560717
      },
      "qnli": {
        "kldiv": 0.2666000233596784,
        "mse": 0.0008731352553637468
      },
      "mrpc": {
        "kldiv": 0.22480698274793448,
        "mse": 0.0006825093129728087
      },
      "cola": {
        "kldiv": 0.12225357757187356,
        "mse": 0.003236858923485795
      },
      "sst2": {
        "kldiv": 0.18994840976189484,
        "mse": 0.0018899824579641448
      },
      "qqp": {
        "kldiv": 0.22689012876533532,
        "mse": 0.0014113538314957624
      },
      "wnli": {
        "kldiv": 0.13746593023339906,
        "mse": 0.0005301992391145581
      },
      "stsb": {
        "kldiv": 0.15611756739622734,
        "mse": 0.0008631173933274938
      },
      "rte": {
        "kldiv": 0.25333603127371696,
        "mse": 0.0006888777120842687
      }
    },
    "8": {
      "mnli": {
        "kldiv": 0.34231178615727004,
        "mse": 0.001799796191388559
      },
      "qnli": {
        "kldiv": 0.38663062177827556,
        "mse": 0.001240692967018237
      },
      "mrpc": {
        "kldiv": 0.3739967377005536,
        "mse": 0.0011312960993597732
      },
      "cola": {
        "kldiv": 0.16436109366808452,
        "mse": 0.004249075306670777
      },
      "sst2": {
        "kldiv": 0.2605524676089937,
        "mse": 0.0025398345759392463
      },
      "qqp": {
        "kldiv": 0.314912947069457,
        "mse": 0.001958691047132863
      },
      "wnli": {
        "kldiv": 0.22108552480737367,
        "mse": 0.0009204303722880366
      },
      "stsb": {
        "kldiv": 0.2258365080685269,
        "mse": 0.0012360508294381014
      },
      "rte": {
        "kldiv": 0.39302212645610174,
        "mse": 0.0010445255824985604
      }
    }
  }
}