{"xs_forward": [0.7350509942306107, 1.0677800885510351, 1.2890459729011623, 1.415039694437673, 1.8197696105698586, 2.210918197220771, 2.7423092190195772, 3.2997706257406416, 4.129227575271811], "ys_forward": [7.020916571551028, 19.029029188041676, 32.89923586584183, 41.68016962756899, 48.27605792030205, 47.826954588456346, 48.553577389174876, 51.62458987125488, 52.592879777736655], "xs_approx": [0.7666914154334941, 1.1088714233289896, 1.3617033478783702, 1.4880989604996457, 1.9766641193826666, 2.396417977430593, 2.98372403098294, 3.5953109376031382, 4.374955789794958], "ys_approx": [8.208153542011349, 28.49716625548215, 40.5243309695887, 44.54653830537704, 52.48549558132585, 51.606918636408224, 53.38269593815457, 53.387742308131116, 53.387742308131116], "xs_absatt": [0.8340102187489314, 1.1817756795101988, 1.4261361399589072, 1.5380496467038627, 1.999991015119964, 2.4094984049991472, 2.9903935345716253, 3.598219934461239, 4.375464090610872], "ys_absatt": [17.66619570140954, 37.745341952598956, 45.61082124920514, 47.3573663851505, 52.61643004428046, 53.13208986648888, 53.38269593815457, 53.65007161029405, 53.387742308131116], "xs_bert": [0.7350509942306107, 4.375464090610872], "ys_bert": [53.387742308131116, 53.387742308131116], "subset": "cola", "kxs": [0.05, 0.1, 0.15, 0.2, 0.3, 0.4, 0.5, 0.625, 0.75]}