{"xs_forward": [1.2130656119023504, 1.8051021462137646, 2.201646921053032, 2.4877314783546973, 3.253886716878247, 3.849120621809278, 4.57482254746138, 5.47493876276245, 6.490559175188919], "ys_forward": [69.26605504587155, 74.19724770642202, 78.6697247706422, 79.93119266055045, 86.35321100917432, 88.53211009174312, 90.48165137614679, 91.62844036697247, 92.20183486238533], "xs_approx": [1.6367317058261028, 2.176663028194222, 2.640226918391469, 2.954343429054312, 3.8631866640508843, 4.555145061843337, 5.355718937610522, 6.336701285275563, 7.38423640985925], "ys_approx": [83.25688073394495, 87.95871559633028, 89.3348623853211, 90.25229357798165, 92.08715596330275, 92.08715596330275, 92.43119266055045, 92.43119266055045, 92.43119266055045], "xs_absatt": [1.757025237640321, 2.3394773627492653, 2.8131171094591245, 3.1140136740393976, 3.965597708237815, 4.600236858102512, 5.371546385388042, 6.340075158572573, 7.385931939528978], "ys_absatt": [83.4862385321101, 88.53211009174312, 90.25229357798165, 92.08715596330275, 92.08715596330275, 92.43119266055045, 92.31651376146789, 92.43119266055045, 92.43119266055045], "xs_approx8": [1.160297176667094, 1.6819328899480561, 2.175823698319617, 2.4936890684434667, 3.4227371831694007, 4.110462137827657, 4.908882408794401, 5.883582851102822, 6.92888521429774], "ys_approx8": [80.96330275229357, 87.5, 89.44954128440367, 90.13761467889908, 91.28440366972477, 92.08715596330275, 92.31651376146789, 92.43119266055045, 92.43119266055045], "xs_absatt8": [1.301943838520306, 1.8843959636292507, 2.35803571033911, 2.6589322749193776, 3.510516309117794, 4.1451554589824715, 4.916464986268023, 5.884993759452585, 6.930850540408978], "ys_absatt8": [83.4862385321101, 88.53211009174312, 90.25229357798165, 92.08715596330275, 92.08715596330275, 92.43119266055045, 92.31651376146789, 92.43119266055045, 92.43119266055045], "xs_bert": [1.160297176667094, 7.385931939528978], "ys_bert": [92.43119266055045, 92.43119266055045], "subset": "sst2", "kxs": [0.05, 0.1, 0.15, 0.2, 0.3, 0.4, 0.5, 0.625, 0.75]}