{"xs_forward": [3.3505699849952206, 4.8266823339194715, 6.045687198386626, 7.129523006718046, 9.233708727643435, 11.57539528338827, 14.121902759366623, 17.53568627493782, 21.02050309609373], "ys_forward": [67.08768076148637, 76.40490572945268, 81.34724510342302, 84.09298920007322, 87.6258466044298, 89.82244188174995, 90.8475196778327, 91.43327841845141, 91.54310818231741], "xs_approx": [3.081621842142953, 4.63666995576772, 6.105915822172623, 7.398794464975228, 9.816585296965995, 12.354188387471599, 15.135287753826624, 18.77614723738754, 22.419258991267245], "ys_approx": [63.939227530660816, 76.258466044298, 85.52077613033133, 89.1085484166209, 91.23192385136372, 91.52480322167308, 91.54310818231741, 91.54310818231741, 91.54310818231741], "xs_absatt": [3.543142653257184, 5.087517816729254, 6.360910359356764, 7.515528152627257, 9.826642157615659, 12.349729796393264, 15.132560717468198, 18.773688147489683, 22.41862501372707], "ys_absatt": [79.07742998352553, 87.40618707669779, 90.48142046494601, 91.1220940874977, 91.52480322167308, 91.56141314296174, 91.54310818231741, 91.54310818231741, 91.54310818231741], "xs_bert": [3.081621842142953, 22.419258991267245], "ys_bert": [91.54310818231741, 91.54310818231741], "subset": "qnli", "kxs": [0.05, 0.1, 0.15, 0.2, 0.3, 0.4, 0.5, 0.625, 0.75]}