{"xs_forward": [1.2130656119023504, 1.8051021462137646, 2.201646921053032, 2.4877314783546973, 3.253886716878247, 3.849120621809278, 4.57482254746138, 5.47493876276245, 6.490559175188919], "ys_forward": [67.88990825688074, 77.06422018348624, 80.61926605504587, 81.9954128440367, 86.0091743119266, 89.22018348623854, 90.59633027522935, 91.5137614678899, 92.31651376146789], "xs_approx": [1.6367317058261028, 2.176663028194222, 2.640226918391469, 2.954343429054312, 3.8631866640508843, 4.555145061843337, 5.355718937610522, 6.336701285275563, 7.38423640985925], "ys_approx": [83.25688073394495, 87.95871559633028, 89.3348623853211, 90.25229357798165, 92.08715596330275, 92.08715596330275, 92.43119266055045, 92.43119266055045, 92.43119266055045], "xs_absatt": [1.757025237640321, 2.3394773627492653, 2.8131171094591245, 3.1140136740393976, 3.965597708237815, 4.600236858102512, 5.371546385388042, 6.340075158572573, 7.385931939528978], "ys_absatt": [83.4862385321101, 88.53211009174312, 90.25229357798165, 92.08715596330275, 92.08715596330275, 92.43119266055045, 92.31651376146789, 92.43119266055045, 92.43119266055045], "xs_approx8": [1.1602900957871118, 1.6819258090680749, 2.175816617439633, 2.493681987563487, 3.422730102289419, 4.110455056947661, 4.908875327914396, 5.883575770222916, 6.928878133417812], "ys_approx8": [80.96330275229357, 87.5, 89.44954128440367, 90.13761467889908, 91.28440366972477, 92.08715596330275, 92.31651376146789, 92.43119266055045, 92.43119266055045], "xs_absatt8": [1.3019367576403218, 1.8843888827492707, 2.3580286294591284, 2.6589251940394045, 3.5105092282378103, 4.145148378102485, 4.916457905388021, 5.884986678572678, 6.930843459529051], "ys_absatt8": [83.4862385321101, 88.53211009174312, 90.25229357798165, 92.08715596330275, 92.08715596330275, 92.43119266055045, 92.31651376146789, 92.43119266055045, 92.43119266055045], "xs_bert": [1.1602900957871118, 7.385931939528978], "ys_bert": [92.43119266055045, 92.43119266055045], "subset": "sst2", "kxs": [0.05, 0.1, 0.15, 0.2, 0.3, 0.4, 0.5, 0.625, 0.75]}