{"xs_forward": [4.360621620160928, 6.553483874392527, 8.114179700982877, 9.749342276778684, 13.259078527176186, 17.008253958844424, 20.61580126112809, 25.422589935547308, 30.39713482749017], "ys_forward": [55.5956678700361, 62.8158844765343, 63.537906137184116, 67.14801444043322, 72.56317689530685, 71.84115523465704, 72.92418772563177, 74.36823104693141, 73.6462093862816], "xs_approx": [4.4973060445475355, 6.8994090124897705, 8.674840667103483, 10.456883782009612, 14.197242344341781, 18.2444135348869, 22.120091517305575, 27.263378702922807, 32.45448520040327], "ys_approx": [57.761732851985556, 70.7581227436823, 72.56317689530685, 71.84115523465704, 72.56317689530685, 72.92418772563177, 72.56317689530685, 72.20216606498195, 72.56317689530685], "xs_absatt": [4.743074681865225, 7.033394757666669, 8.734443408504205, 10.479991505652208, 14.244807166774997, 18.260682151724442, 22.121988423240595, 27.262405233352407, 32.451013732471864], "ys_absatt": [65.34296028880865, 70.7581227436823, 70.7581227436823, 72.92418772563177, 72.56317689530685, 72.56317689530685, 72.56317689530685, 72.56317689530685, 72.56317689530685], "xs_bert": [4.360621620160928, 32.45448520040327], "ys_bert": [72.56317689530685, 72.56317689530685], "subset": "rte", "kxs": [0.05, 0.1, 0.15, 0.2, 0.3, 0.4, 0.5, 0.625, 0.75]}