{"xs_forward": [1.5234057739856077, 2.3680723242669237, 3.0782058705743576, 3.6252634376414434, 4.6220892465845, 5.606983088959446, 6.544452964146618, 7.92650794220057, 9.504695344372557], "ys_forward": [0.3321448791849443, 0.5341764895869592, 0.769638759613555, 0.8239090160073738, 0.8598281900976863, 0.8713270016524773, 0.8757468959950154, 0.8782520076805609, 0.8792870195675626], "xs_approx": [2.198350590207752, 3.0381084918350894, 3.7996949265804294, 4.3940252247310765, 5.539553599772351, 6.647339138399122, 7.689527211025834, 9.197820861076435, 10.803036716858495], "ys_approx": [0.23982173672839185, 0.6306543155118896, 0.7663743564959904, 0.8252463002277184, 0.8659057701750656, 0.8762159846436088, 0.8794230094233633, 0.880152075481855, 0.880438894065833], "xs_absatt": [2.3138310157010835, 3.1968284906510864, 3.959808501683095, 4.518602220628403, 5.627343431653688, 6.695626315829784, 7.712670887495835, 9.202803196831093, 10.803370649915166], "ys_absatt": [0.3016475880375705, 0.6547589656797299, 0.794852462675435, 0.839113229944079, 0.8735939940724698, 0.8785774702530491, 0.8799745936972502, 0.8803753979850439, 0.8804608735664687], "xs_approx8": [1.4568603697737914, 2.2803951827937894, 3.0714780375177937, 3.6878938313337937, 4.878928827586429, 5.998614295487222, 7.034383345759912, 8.526099783827966, 10.12573131782433], "ys_approx8": [0.21683513498877255, 0.6007960877956524, 0.7470182467789318, 0.8053719637939191, 0.8603936668545316, 0.8752088253112426, 0.8790836619928386, 0.8802777206054002, 0.8804196989690666], "xs_absatt8": [1.6350971324884582, 2.518094607438454, 3.281074618470464, 3.8398683374157936, 4.948609548441103, 6.016892432617222, 7.033937004283256, 8.52406931361863, 10.124636766702325], "ys_absatt8": [0.3016475880375705, 0.6547589656797299, 0.794852462675435, 0.839113229944079, 0.8735939940724698, 0.8785774702530491, 0.8799745936972502, 0.8803753979850439, 0.8804608735664687], "xs_bert": [1.4568603697737914, 10.803370649915166], "ys_bert": [0.8804623762517032, 0.8804623762517032], "subset": "stsb", "kxs": [0.05, 0.1, 0.15, 0.2, 0.3, 0.4, 0.5, 0.625, 0.75]}