{"xs_forward": [4.360621620160928, 6.553483874392527, 8.114179700982877, 9.749342276778684, 13.259078527176186, 17.008253958844424, 20.61580126112809, 25.422589935547308, 30.39713482749017], "ys_forward": [59.205776173285194, 64.98194945848375, 67.87003610108303, 69.31407942238266, 71.48014440433214, 71.84115523465704, 73.6462093862816, 74.0072202166065, 74.36823104693141], "xs_approx": [6.86006945660529, 9.146188743471726, 10.859049654197358, 12.65238296976052, 16.44514804928766, 20.514094863139633, 24.421424917948176, 29.575645755092495, 34.77433724028376], "ys_approx": [67.87003610108303, 72.56317689530685, 72.56317689530685, 71.84115523465704, 71.84115523465704, 72.20216606498195, 72.56317689530685, 72.20216606498195, 72.56317689530685], "xs_absatt": [7.067314841865215, 9.357634917666664, 11.058683568504215, 12.804231665652217, 16.569047326775024, 20.584922311724476, 24.44622858324059, 29.586645393352423, 34.775253892471476], "ys_absatt": [65.34296028880865, 70.7581227436823, 70.7581227436823, 72.92418772563177, 72.56317689530685, 72.56317689530685, 72.56317689530685, 72.56317689530685, 72.56317689530685], "xs_approx8": [4.497337068554268, 6.899440036496509, 8.674871691110226, 10.456914806016377, 14.19727336834846, 18.2444445588937, 22.12012254131235, 27.263409726929826, 32.454516224409915], "ys_approx8": [57.761732851985556, 70.7581227436823, 72.56317689530685, 71.84115523465704, 72.56317689530685, 72.92418772563177, 72.56317689530685, 72.20216606498195, 72.56317689530685], "xs_absatt8": [4.743105705871959, 7.033425781673405, 8.734474432510947, 10.480022529658973, 14.244838190781666, 18.26071317573124, 22.122019447247368, 27.262436257359436, 32.4510447564785], "ys_absatt8": [65.34296028880865, 70.7581227436823, 70.7581227436823, 72.92418772563177, 72.56317689530685, 72.56317689530685, 72.56317689530685, 72.56317689530685, 72.56317689530685], "xs_bert": [4.360621620160928, 34.775253892471476], "ys_bert": [72.56317689530685, 72.56317689530685], "subset": "rte", "kxs": [0.05, 0.1, 0.15, 0.2, 0.3, 0.4, 0.5, 0.625, 0.75]}