{"xs_forward": [1.5234057739856077, 2.3680723242669237, 3.0782058705743576, 3.6252634376414434, 4.6220892465845, 5.606983088959446, 6.544452964146618, 7.92650794220057, 9.504695344372557], "ys_forward": [0.7204517747902291, 0.8003974949480899, 0.85019369583724, 0.8569254589589849, 0.8664550402096557, 0.8727633346220176, 0.876056594938902, 0.8782709706806272, 0.8792131420129005], "xs_approx": [1.456850140090422, 2.280384953110424, 3.071467807834422, 3.687883601650395, 4.878918597903153, 5.998604065803737, 7.034373116076491, 8.52608955414452, 10.125721088141255], "ys_approx": [0.21683513309595742, 0.6007961030785237, 0.7470182409724535, 0.8053719630669333, 0.8603936702363566, 0.8752088280059047, 0.8790836665306736, 0.8802777241120547, 0.8804197076847884], "xs_absatt": [1.635086902805093, 2.5181034431164204, 3.2810643887870863, 3.839858107732397, 4.948599318757824, 6.016882202933734, 7.033926774599817, 8.524059083935187, 10.124626537019259], "ys_absatt": [0.30164758584944407, 0.6547571110035566, 0.7948524588919961, 0.8391132315112124, 0.8735939944540311, 0.8785774747124415, 0.8799745966194604, 0.8803754040769398, 0.8804608830569567], "xs_bert": [1.456850140090422, 10.125721088141255], "ys_bert": [0.8804623774552178, 0.8804623774552178], "subset": "stsb", "kxs": [0.05, 0.1, 0.15, 0.2, 0.3, 0.4, 0.5, 0.625, 0.75]}