{"xs_forward": [2.353504100845178, 3.177387060179526, 3.9455908478420736, 4.546361330876942, 5.732524166733654, 6.98006306409121, 8.504255096974875, 10.327165663580468, 12.317307027848457], "ys_forward": [54.929577464788736, 57.74647887323944, 54.929577464788736, 56.33802816901409, 56.33802816901409, 57.74647887323944, 57.74647887323944, 56.33802816901409, 56.33802816901409], "xs_approx": [3.323160009948669, 4.210839676413454, 4.994645086878246, 5.691827715286695, 7.033892241145853, 8.373935128230364, 10.00471118627262, 11.97194169934304, 14.032722188807806], "ys_approx": [54.929577464788736, 56.33802816901409, 56.33802816901409, 56.33802816901409, 56.33802816901409, 56.33802816901409, 56.33802816901409, 56.33802816901409, 56.33802816901409], "xs_absatt": [3.409676406216275, 4.2969781790050074, 5.090891564751484, 5.737351708244445, 7.030572464976839, 8.37578051515994, 9.999358128413466, 11.975728576962759, 14.02513603469513], "ys_absatt": [56.33802816901409, 54.929577464788736, 56.33802816901409, 56.33802816901409, 56.33802816901409, 56.33802816901409, 56.33802816901409, 56.33802816901409, 56.33802816901409], "xs_approx8": [2.4418405743112337, 3.295984899240813, 4.105963636902786, 4.824864958635178, 6.145592696987293, 7.4882317502126465, 9.116430533916864, 11.083187070071782, 13.140983575254907], "ys_approx8": [56.33802816901409, 56.33802816901409, 56.33802816901409, 56.33802816901409, 56.33802816901409, 56.33802816901409, 56.33802816901409, 56.33802816901409, 56.33802816901409], "xs_absatt8": [2.516692284691517, 3.4039940574802485, 4.197907443226727, 4.844367586719685, 6.13758834345208, 7.482796393635182, 9.106374006888693, 11.082744455437979, 13.1321519131704], "ys_absatt8": [56.33802816901409, 54.929577464788736, 56.33802816901409, 56.33802816901409, 56.33802816901409, 56.33802816901409, 56.33802816901409, 56.33802816901409, 56.33802816901409], "xs_bert": [2.353504100845178, 14.032722188807806], "ys_bert": [56.33802816901409, 56.33802816901409], "subset": "wnli", "kxs": [0.05, 0.1, 0.15, 0.2, 0.3, 0.4, 0.5, 0.625, 0.75]}