{"xs_forward": [2.353504100845178, 3.177387060179526, 3.9455908478420736, 4.546361330876942, 5.732524166733654, 6.98006306409121, 8.504255096974875, 10.327165663580468, 12.317307027848457], "ys_forward": [56.33802816901409, 54.929577464788736, 56.33802816901409, 56.33802816901409, 56.33802816901409, 54.929577464788736, 56.33802816901409, 56.33802816901409, 56.33802816901409], "xs_approx": [3.323160009948669, 4.210839676413454, 4.994645086878246, 5.691827715286695, 7.033892241145853, 8.373935128230364, 10.00471118627262, 11.97194169934304, 14.032722188807806], "ys_approx": [54.929577464788736, 56.33802816901409, 56.33802816901409, 56.33802816901409, 56.33802816901409, 56.33802816901409, 56.33802816901409, 56.33802816901409, 56.33802816901409], "xs_absatt": [3.409676406216275, 4.2969781790050074, 5.090891564751484, 5.737351708244445, 7.030572464976839, 8.37578051515994, 9.999358128413466, 11.975728576962759, 14.02513603469513], "ys_absatt": [56.33802816901409, 54.929577464788736, 56.33802816901409, 56.33802816901409, 56.33802816901409, 56.33802816901409, 56.33802816901409, 56.33802816901409, 56.33802816901409], "xs_approx8": [2.441827415835992, 3.2959717407655704, 4.105950478427541, 4.8248518001599345, 6.145579538512044, 7.488218591737396, 9.116417375441634, 11.083173911596543, 13.140970416779671], "ys_approx8": [56.33802816901409, 56.33802816901409, 56.33802816901409, 56.33802816901409, 56.33802816901409, 56.33802816901409, 56.33802816901409, 56.33802816901409, 56.33802816901409], "xs_absatt8": [2.516679126216274, 3.4039808990050067, 4.197894284751486, 4.844354428244442, 6.137575184976833, 7.48278323515993, 9.106360848413464, 11.08273129696274, 13.132138754695164], "ys_absatt8": [56.33802816901409, 54.929577464788736, 56.33802816901409, 56.33802816901409, 56.33802816901409, 56.33802816901409, 56.33802816901409, 56.33802816901409, 56.33802816901409], "xs_bert": [2.353504100845178, 14.032722188807806], "ys_bert": [56.33802816901409, 56.33802816901409], "subset": "wnli", "kxs": [0.05, 0.1, 0.15, 0.2, 0.3, 0.4, 0.5, 0.625, 0.75]}