{"xs_forward": [3.177024345410473, 4.720328137015368, 5.961027536092375, 7.1875570301112175, 9.813826495516802, 12.640783984312261, 15.601694084029345, 19.41584530960939, 23.326640356927687], "ys_forward": [47.682119205298015, 62.42485990830362, 71.37035150280184, 76.20988283239939, 81.33469179826795, 83.40295466123281, 83.9429444727458, 84.10596026490066, 84.17727967396841], "xs_approx": [5.049472893017935, 6.672449492504622, 8.051537540128843, 9.395514848235091, 12.251475261799884, 15.299337186751707, 18.479536355480285, 22.55767782225899, 26.63746118559365], "ys_approx": [72.03260315843097, 80.40753948038716, 82.8731533367295, 83.69842078451349, 84.11614875191034, 84.24859908303617, 84.22822210901681, 84.22822210901681, 84.21803362200713], "xs_absatt": [5.151656362391052, 6.758680376046637, 8.100162983827785, 9.419380970492764, 12.258201995834021, 15.301347093494645, 18.479805163665713, 22.557456574499856, 26.637311350509904], "ys_absatt": [73.77483443708608, 81.54865002547122, 83.33163525216504, 83.90219052470708, 84.17727967396841, 84.21803362200713, 84.20784513499746, 84.21803362200713, 84.21803362200713], "xs_approx8": [3.308564180910453, 4.9968913491055185, 6.371897300045938, 7.691616910488436, 10.51763364028164, 13.555493758951053, 16.730435597561197, 20.805500253793802, 24.884695552931728], "ys_approx8": [66.59195109526236, 78.1966377992868, 82.27203260315844, 83.42333163525217, 84.10596026490066, 84.2384105960265, 84.21803362200713, 84.21803362200713, 84.21803362200713], "xs_absatt8": [3.397906730475811, 5.004930744131313, 6.346413351912269, 7.665631338578198, 10.504452363919638, 13.54759746158061, 16.726055531754376, 20.803706942580046, 24.88356171859235], "ys_absatt8": [73.77483443708608, 81.54865002547122, 83.33163525216504, 83.90219052470708, 84.17727967396841, 84.21803362200713, 84.20784513499746, 84.21803362200713, 84.21803362200713], "xs_bert": [3.177024345410473, 26.63746118559365], "ys_bert": [84.20784513499746, 84.20784513499746], "subset": "mnli", "kxs": [0.05, 0.1, 0.15, 0.2, 0.3, 0.4, 0.5, 0.625, 0.75]}