{"xs_forward": [2.0817213773634027, 3.146949714727705, 3.9616971973903947, 4.607447728694588, 5.993115956152584, 7.576380120620494, 9.23869257007273, 11.43980880467547, 13.734000827116041], "ys_forward": [73.9871382636656, 82.21864951768488, 85.77541429631462, 87.63541924313628, 89.6735097699728, 90.47736829087312, 90.74944348256246, 90.86074697007173, 90.91763541924314], "xs_approx": [2.0406929447614743, 3.1222619277407477, 4.025114927798155, 4.788481845079149, 6.372491163244425, 8.099816996224241, 9.891941635571671, 12.255725739409977, 14.648056756497255], "ys_approx": [80.98936433341578, 88.07073954983923, 89.99505317833292, 90.55651743754638, 90.8656937917388, 90.91763541924314, 90.91763541924314, 90.9027949542419, 90.90774177590897], "xs_absatt": [2.2063567366637304, 3.312998120022798, 4.17323258887453, 4.879327201415373, 6.40172421989043, 8.108540951315927, 9.894419889121387, 12.25615537733832, 14.648178752025064], "ys_absatt": [84.15285678951274, 89.06752411575563, 90.37595844669801, 90.7642839475637, 90.88053425674005, 90.92010883007667, 90.91021518674252, 90.90774177590897, 90.90774177590897], "xs_bert": [2.0406929447614743, 14.648178752025064], "ys_bert": [90.90774177590897, 90.90774177590897], "subset": "qqp", "kxs": [0.05, 0.1, 0.15, 0.2, 0.3, 0.4, 0.5, 0.625, 0.75]}