{"xs_forward": [3.3505699849952206, 4.8266823339194715, 6.045687198386626, 7.129523006718046, 9.233708727643435, 11.57539528338827, 14.121902759366623, 17.53568627493782, 21.02050309609373], "ys_forward": [67.08768076148637, 76.40490572945268, 81.34724510342302, 84.09298920007322, 87.6258466044298, 89.82244188174995, 90.8475196778327, 91.43327841845141, 91.54310818231741], "xs_approx": [4.916028355019377, 6.406543521170569, 7.726665870763464, 8.953728229015256, 11.363373051303988, 13.909881554744478, 16.698896789249602, 20.342635478038364, 23.987745839728337], "ys_approx": [77.26523887973642, 85.48416620904266, 89.12685337726523, 90.31667581914698, 91.45158337909574, 91.54310818231741, 91.52480322167308, 91.52480322167308, 91.54310818231741], "xs_absatt": [5.112979815150649, 6.6573549786227275, 7.930747521250215, 9.08536531452079, 11.39647931950937, 13.919566958285552, 16.702397879360703, 20.343525309382667, 23.988462175617773], "ys_absatt": [79.07742998352553, 87.40618707669779, 90.48142046494601, 91.1220940874977, 91.52480322167308, 91.56141314296174, 91.54310818231741, 91.54310818231741, 91.54310818231741], "xs_approx8": [3.081621842142953, 4.63666995576772, 6.105915822172623, 7.398794464975228, 9.816585296965995, 12.354188387471599, 15.135287753826624, 18.77614723738754, 22.419258991267245], "ys_approx8": [63.939227530660816, 76.258466044298, 85.52077613033133, 89.1085484166209, 91.23192385136372, 91.52480322167308, 91.54310818231741, 91.54310818231741, 91.54310818231741], "xs_absatt8": [3.543142653257184, 5.087517816729254, 6.360910359356764, 7.515528152627257, 9.826642157615659, 12.349729796393264, 15.132560717468198, 18.773688147489683, 22.41862501372707], "ys_absatt8": [79.07742998352553, 87.40618707669779, 90.48142046494601, 91.1220940874977, 91.52480322167308, 91.56141314296174, 91.54310818231741, 91.54310818231741, 91.54310818231741], "xs_bert": [3.081621842142953, 23.988462175617773], "ys_bert": [91.54310818231741, 91.54310818231741], "subset": "qnli", "kxs": [0.05, 0.1, 0.15, 0.2, 0.3, 0.4, 0.5, 0.625, 0.75]}