{"xs_forward": [1.8705432545574712, 2.961234196746026, 3.8689261138764617, 4.781699928967721, 6.355606337106475, 7.513750988303161, 8.526069465759683, 9.828159920804605, 11.597744379228853], "ys_forward": [51.188405797101446, 62.55072463768116, 74.20289855072464, 78.31884057971014, 82.6086956521739, 83.53623188405798, 84.1159420289855, 84.1159420289855, 84.57971014492753], "xs_approx": [1.8190040871684898, 2.831647362158632, 3.734758865940666, 4.69505626339515, 6.43747662249314, 7.782019032759763, 8.967261647447442, 10.50139905365552, 12.352498343322157], "ys_approx": [37.04347826086957, 45.27536231884058, 55.01449275362319, 66.14492753623188, 80.23188405797102, 84.17391304347827, 84.17391304347827, 84.34782608695653, 84.34782608695653], "xs_absatt": [1.9910633131609472, 3.1344999036003713, 4.09324621044501, 5.04993535306993, 6.7632583776803745, 8.009106432598017, 9.081359368878175, 10.525350352617837, 12.354693067796353], "ys_absatt": [39.130434782608695, 49.971014492753625, 60.52173913043478, 72.1159420289855, 82.66666666666667, 84.0, 84.28985507246377, 84.46376811594203, 84.40579710144928], "xs_bert": [1.8190040871684898, 12.354693067796353], "ys_bert": [84.40579710144928, 84.40579710144928], "subset": "mrpc", "kxs": [0.05, 0.1, 0.15, 0.2, 0.3, 0.4, 0.5, 0.625, 0.75]}