{
  "xs_absatt": [
    0.08626830711275799,
    0.1388042188544458,
    0.17697762918293466,
    0.21593913855725666,
    0.2996082555021533,
    0.3879598662207477,
    0.472196458383884,
    0.5833041546430484,
    0.6942000081224793
  ],
  "ys_absatt": [
    0.6534296028880866,
    0.7075812274368231,
    0.7075812274368231,
    0.7292418772563177,
    0.7256317689530686,
    0.7256317689530686,
    0.7256317689530686,
    0.7256317689530686,
    0.7256317689530686
  ],
  "xs_forward": [
    0.14867740954697442,
    0.1933718455457584,
    0.2252964426877468,
    0.25843721495895344,
    0.3289753724536323,
    0.4037701429005775,
    0.4752204317421708,
    0.5691699604743076,
    0.6634235329887498
  ],
  "ys_forward": [
    0.592057761732852,
    0.6498194945848376,
    0.6787003610108303,
    0.6931407942238267,
    0.7148014440433214,
    0.7184115523465704,
    0.7364620938628159,
    0.740072202166065,
    0.7436823104693141
  ],
  "xs_sparse": [
    0.08157373939825602,
    0.13419197346367276,
    0.17266064652660196,
    0.21260673089271825,
    0.2968817401402587,
    0.38644733072610615,
    0.4717003291795452,
    0.5830846284464387,
    0.6941824460267507
  ],
  "ys_sparse": [
    0.6787003610108303,
    0.7256317689530686,
    0.7256317689530686,
    0.7184115523465704,
    0.7184115523465704,
    0.7220216606498195,
    0.7256317689530686,
    0.7220216606498195,
    0.7256317689530686
  ],
  "xs_bert": [
    0.0406821146607399,
    0.6942000081224793
  ],
  "ys_bert": [
    0.7256317689530686,
    0.7256317689530686
  ],
  "xs_concrete_train": [
    0.04244222119450569,
    0.057446930557489395,
    0.08617352694272995,
    0.1386873722076416,
    0.20084148645401,
    0.24891753494739532
  ],
  "ys_concrete_train": [
    0.6173285198555957,
    0.6750902527075813,
    0.6859205776173285,
    0.6895306859205776,
    0.7220216606498195,
    0.7364620938628159
  ],
  "xs_concrete_no_train": [
    0.0406821146607399,
    0.05560404434800148,
    0.08165627717971802,
    0.12251875549554825,
    0.18451999127864838,
    0.2481466680765152
  ],
  "ys_concrete_no_train": [
    0.6101083032490975,
    0.6606498194945848,
    0.6967509025270758,
    0.6895306859205776,
    0.7148014440433214,
    0.7220216606498195
  ],
  "xs_ltp": [
    0.13072708249092102,
    0.15268917381763458,
    0.1907000094652176,
    0.2316184788942337,
    0.2370195835828781,
    0.23827658593654633
  ],
  "ys_ltp": [
    0.5956678700361011,
    0.4729241877256318,
    0.6931407942238267,
    0.6967509025270758,
    0.7075812274368231,
    0.7075812274368231
  ],
  "metric_name": "acc",
  "concrete_p_logits": [
    -2.0,
    -1.5,
    -1.0,
    -0.5,
    0.0,
    1.0
  ],
  "ltp_lambdas": [
    0.001,
    0.01,
    0.1,
    1.0,
    5.0,
    25.0
  ],
  "ltp_temperatures": [
    0.0001,
    0.0002,
    0.0005,
    0.001,
    0.002
  ],
  "ks": [
    0.05,
    0.1,
    0.15,
    0.2,
    0.3,
    0.4,
    0.5,
    0.625,
    0.75
  ]
}