{
  "xs_absatt": [
    0.12199589401424599,
    0.18484795021493386,
    0.23542375056136736,
    0.2672996728042673,
    0.35603868608459677,
    0.4214682106883959,
    0.5010874446655178,
    0.6014386989158589,
    0.7099906973761597
  ],
  "ys_absatt": [
    0.8348623853211009,
    0.8853211009174312,
    0.9025229357798165,
    0.9208715596330275,
    0.9208715596330275,
    0.9243119266055045,
    0.9231651376146789,
    0.9243119266055045,
    0.9243119266055045
  ],
  "xs_forward": [
    0.17622377622377572,
    0.23216783216783105,
    0.2699300699300687,
    0.2979020979020987,
    0.37062937062937057,
    0.4265734265734282,
    0.49510489510489547,
    0.5804195804195798,
    0.6727272727272717
  ],
  "ys_forward": [
    0.6926605504587156,
    0.7419724770642202,
    0.786697247706422,
    0.7993119266055045,
    0.8635321100917431,
    0.8853211009174312,
    0.9048165137614679,
    0.9162844036697247,
    0.9220183486238532
  ],
  "xs_sparse": [
    0.10885673959068494,
    0.1675354462051876,
    0.217452043369473,
    0.25080034644255306,
    0.3457015461603054,
    0.4170606916019789,
    0.49960223262984665,
    0.6011323538847433,
    0.7098335151088858
  ],
  "ys_sparse": [
    0.8325688073394495,
    0.8795871559633027,
    0.893348623853211,
    0.9025229357798165,
    0.9208715596330275,
    0.9208715596330275,
    0.9243119266055045,
    0.9243119266055045,
    0.9243119266055045
  ],
  "xs_bert": [
    0.018181802704930305,
    0.7099906973761597
  ],
  "ys_bert": [
    0.9243119266055045,
    0.9243119266055045
  ],
  "xs_concrete_train": [
    0.08490927517414093,
    0.11539249122142792,
    0.29378601908683777,
    0.29797878861427307,
    0.3696027398109436,
    0.4163191318511963
  ],
  "ys_concrete_train": [
    0.8967889908256881,
    0.8887614678899083,
    0.9174311926605505,
    0.9105504587155964,
    0.9139908256880734,
    0.9220183486238532
  ],
  "xs_concrete_no_train": [
    0.11150676757097244,
    0.14091378450393677,
    0.1811726838350296,
    0.23452946543693542,
    0.3129309415817261,
    0.41542598605155945
  ],
  "ys_concrete_no_train": [
    0.8245412844036697,
    0.838302752293578,
    0.8577981651376146,
    0.8876146788990825,
    0.9059633027522935,
    0.9220183486238532
  ],
  "xs_ltp": [
    0.018181802704930305,
    0.18286189436912537,
    0.2079700529575348,
    0.3732866942882538,
    0.4478731155395508,
    0.45027822256088257
  ],
  "ys_ltp": [
    0.5091743119266054,
    0.8268348623853211,
    0.8853211009174312,
    0.9243119266055045,
    0.9185779816513762,
    0.9128440366972477
  ],
  "metric_name": "acc",
  "concrete_p_logits": [
    -2.0,
    -1.5,
    -1.0,
    -0.5,
    0.0,
    1.0
  ],
  "ltp_lambdas": [
    0.001,
    0.01,
    0.1,
    1.0,
    5.0,
    25.0
  ],
  "ltp_temperatures": [
    0.0001,
    0.0002,
    0.0005,
    0.001,
    0.002
  ],
  "ks": [
    0.05,
    0.1,
    0.15,
    0.2,
    0.3,
    0.4,
    0.5,
    0.625,
    0.75
  ]
}