{
  "xs_absatt": [
    0.10102561835453423,
    0.16562066698405917,
    0.22020700990726977,
    0.2598030333945343,
    0.33755480740889426,
    0.4126207123263066,
    0.4837588474008424,
    0.5887738330046918,
    0.7014157428190587
  ],
  "ys_absatt": [
    0.3016475880375705,
    0.6547589656797299,
    0.794852462675435,
    0.839113229944079,
    0.8735939940724698,
    0.8785774702530491,
    0.8799745936972502,
    0.8803753979850439,
    0.8804608735664687
  ],
  "xs_forward": [
    0.1582250546639051,
    0.21303945786139916,
    0.2592711575724162,
    0.2941663374532045,
    0.3585850911885145,
    0.4219821978724909,
    0.48173986782260714,
    0.570106549394319,
    0.6676203003873867
  ],
  "ys_forward": [
    0.3321448791849443,
    0.5341764895869592,
    0.769638759613555,
    0.8239090160073738,
    0.8598281900976863,
    0.8713270016524773,
    0.8757468959950154,
    0.8782520076805609,
    0.8792870195675626
  ],
  "xs_sparse": [
    0.09244591806661123,
    0.15392455054523288,
    0.20876576208936734,
    0.2510043301820409,
    0.33153179623203755,
    0.4094243124986055,
    0.4822529642477459,
    0.5884631027682323,
    0.7013978779842188
  ],
  "ys_sparse": [
    0.23982173672839185,
    0.6306543155118896,
    0.7663743564959904,
    0.8252463002277184,
    0.8659057701750656,
    0.8762159846436088,
    0.8794230094233633,
    0.880152075481855,
    0.880438894065833
  ],
  "xs_bert": [
    0.061165716499090195,
    0.7014157428190587
  ],
  "ys_bert": [
    0.8804623762517032,
    0.8804623762517032
  ],
  "xs_concrete_train": [
    0.07349538803100586,
    0.09510922431945801,
    0.20760256052017212,
    0.2831454873085022,
    0.32318922877311707,
    0.35750946402549744
  ],
  "ys_concrete_train": [
    0.8034908112678926,
    0.8138404536312003,
    0.8493543445228466,
    0.8771531902107208,
    0.8821651346749255,
    0.8875638115124027
  ],
  "xs_concrete_no_train": [
    0.061165716499090195,
    0.07637883722782135,
    0.11006198078393936,
    0.17764241993427277,
    0.27577757835388184,
    0.3575972318649292
  ],
  "ys_concrete_no_train": [
    -0.014619214637035853,
    0.047298391143117645,
    0.1393927783309805,
    0.5334470395287135,
    0.8235776095249147,
    0.8804471666229984
  ],
  "xs_ltp": [
    0.13161465525627136,
    0.15652728080749512,
    0.2902488112449646,
    0.3529042601585388,
    0.37712639570236206,
    0.3777579963207245
  ],
  "ys_ltp": [
    0.8324924544377786,
    0.8518172326001332,
    0.8868653450688448,
    0.8922624828079088,
    0.8919433902093099,
    0.8849516175548077
  ],
  "metric_name": "pearson",
  "concrete_p_logits": [
    -2.0,
    -1.5,
    -1.0,
    -0.5,
    0.0,
    1.0
  ],
  "ltp_lambdas": [
    0.001,
    0.01,
    0.1,
    1.0,
    5.0,
    25.0
  ],
  "ltp_temperatures": [
    0.0001,
    0.0002,
    0.0005,
    0.001,
    0.002
  ],
  "ks": [
    0.05,
    0.1,
    0.15,
    0.2,
    0.3,
    0.4,
    0.5,
    0.625,
    0.75
  ]
}