{
  "xs_absatt": [
    0.09284017958082978,
    0.14904425106898128,
    0.19189625712125497,
    0.22595154055479663,
    0.2986977143343146,
    0.38106624352807683,
    0.4673107842274191,
    0.581199829755931,
    0.6959647246385268
  ],
  "ys_absatt": [
    0.8415285678951274,
    0.8906752411575563,
    0.90375958446698,
    0.907642839475637,
    0.9088053425674004,
    0.9092010883007667,
    0.9091021518674252,
    0.9090774177590898,
    0.9090774177590898
  ],
  "xs_forward": [
    0.15234347299821724,
    0.19998003986264234,
    0.23625182971101205,
    0.2649805266680049,
    0.3264282526953852,
    0.39636899714346346,
    0.4695139348566254,
    0.5657480191940736,
    0.6628730404278625
  ],
  "ys_forward": [
    0.7111056146425921,
    0.8037348503586446,
    0.8490230027207519,
    0.8701459312391788,
    0.894484293841207,
    0.9041305960920109,
    0.9067524115755627,
    0.9083601286173634,
    0.9091021518674252
  ],
  "xs_sparse": [
    0.0853352869134961,
    0.1398605725751084,
    0.1847955776328152,
    0.22162826472451574,
    0.29746874949574326,
    0.38080477335874313,
    0.4672752998241845,
    0.581208309041133,
    0.695966052014614
  ],
  "ys_sparse": [
    0.8362849369280237,
    0.8883255008656938,
    0.9016571852584714,
    0.9061093247588424,
    0.9088053425674004,
    0.9091268859757605,
    0.9091763541924314,
    0.909027949542419,
    0.9090774177590898
  ],
  "xs_bert": [
    0.008834279142320156,
    0.695966052014614
  ],
  "ys_bert": [
    0.9090774177590898,
    0.9090774177590898
  ],
  "xs_concrete_train": [
    0.0934065729379654,
    0.1540130078792572,
    0.1519719958305359,
    0.18776081502437592,
    0.22730037569999695,
    0.2465689331293106
  ],
  "ys_concrete_train": [
    0.8998021271333169,
    0.9067524115755627,
    0.9082364580756864,
    0.9073212960672767,
    0.9098689092258224,
    0.9107098689092258
  ],
  "xs_concrete_no_train": [
    0.04221682250499725,
    0.0508769266307354,
    0.06698150932788849,
    0.10100473463535309,
    0.17152154445648193,
    0.24642381072044373
  ],
  "ys_concrete_no_train": [
    0.726514964135543,
    0.7620331437051694,
    0.8071728914172644,
    0.8443482562453624,
    0.8882512985406876,
    0.9087311402423942
  ],
  "xs_ltp": [
    0.008834279142320156,
    0.008834279142320156,
    0.03896937146782875,
    0.17112411558628082,
    0.2645603120326996,
    0.2680429220199585
  ],
  "ys_ltp": [
    0.7698491219391541,
    0.6318327974276527,
    0.8028938906752412,
    0.8997279248083107,
    0.9049468216670788,
    0.9040069255503339
  ],
  "metric_name": "acc",
  "concrete_p_logits": [
    -2.0,
    -1.5,
    -1.0,
    -0.5,
    0.0,
    1.0
  ],
  "ltp_lambdas": [
    0.001,
    0.01,
    0.1,
    1.0,
    5.0,
    25.0
  ],
  "ltp_temperatures": [
    0.0001,
    0.0002,
    0.0005,
    0.001,
    0.002
  ],
  "ks": [
    0.05,
    0.1,
    0.15,
    0.2,
    0.3,
    0.4,
    0.5,
    0.625,
    0.75
  ]
}