{
  "xs_absatt": [
    0.12170458649331932,
    0.17133570654697497,
    0.21525047722230922,
    0.2503327658257241,
    0.3200433369447451,
    0.39288035907754043,
    0.4806170355466055,
    0.5871536913790436,
    0.6972398493525245
  ],
  "ys_absatt": [
    0.5633802816901409,
    0.5492957746478874,
    0.5633802816901409,
    0.5633802816901409,
    0.5633802816901409,
    0.5633802816901409,
    0.5633802816901409,
    0.5633802816901409,
    0.5633802816901409
  ],
  "xs_forward": [
    0.17655677655677632,
    0.21758241758241725,
    0.2556776556776553,
    0.2857142857142855,
    0.3443223443223441,
    0.4058608058608062,
    0.4805860805860807,
    0.56996336996337,
    0.6637362637362638
  ],
  "ys_forward": [
    0.5492957746478874,
    0.5774647887323944,
    0.5492957746478874,
    0.5633802816901409,
    0.5633802816901409,
    0.5774647887323944,
    0.5774647887323944,
    0.5633802816901409,
    0.5633802816901409
  ],
  "xs_sparse": [
    0.1168240210493738,
    0.16687819223030578,
    0.21030800185729895,
    0.2483929216323585,
    0.32047670639219905,
    0.3928390857968304,
    0.4809265851519295,
    0.5869576432956713,
    0.6976319455192684
  ],
  "ys_sparse": [
    0.5492957746478874,
    0.5633802816901409,
    0.5633802816901409,
    0.5633802816901409,
    0.5633802816901409,
    0.5633802816901409,
    0.5633802816901409,
    0.5633802816901409,
    0.5633802816901409
  ],
  "xs_bert": [
    0.08714901655912399,
    0.6976319455192684
  ],
  "ys_bert": [
    0.5633802816901409,
    0.5633802816901409
  ],
  "xs_concrete_train": [
    0.08714901655912399,
    0.10398197919130325,
    0.14071688055992126,
    0.23750849068164825,
    0.29725968837738037,
    0.3309932053089142
  ],
  "ys_concrete_train": [
    0.5211267605633803,
    0.5633802816901409,
    0.5633802816901409,
    0.5492957746478874,
    0.5633802816901409,
    0.5633802816901409
  ],
  "xs_concrete_no_train": [
    0.08775945007801056,
    0.1099139153957367,
    0.1615418642759323,
    0.23724712431430817,
    0.29779893159866333,
    0.3310135304927826
  ],
  "ys_concrete_no_train": [
    0.5633802816901409,
    0.5633802816901409,
    0.5633802816901409,
    0.5633802816901409,
    0.5633802816901409,
    0.5633802816901409
  ],
  "xs_ltp": [
    0.2560480535030365,
    0.2569645047187805,
    0.26636430621147156,
    0.32414963841438293,
    0.3463045358657837,
    0.34669777750968933
  ],
  "ys_ltp": [
    0.4225352112676056,
    0.5633802816901409,
    0.4084507042253521,
    0.18309859154929578,
    0.22535211267605634,
    0.23943661971830985
  ],
  "metric_name": "acc",
  "concrete_p_logits": [
    -2.0,
    -1.5,
    -1.0,
    -0.5,
    0.0,
    1.0
  ],
  "ltp_lambdas": [
    0.001,
    0.01,
    0.1,
    1.0,
    5.0,
    25.0
  ],
  "ltp_temperatures": [
    0.0001,
    0.0002,
    0.0005,
    0.001,
    0.002
  ],
  "ks": [
    0.05,
    0.1,
    0.15,
    0.2,
    0.3,
    0.4,
    0.5,
    0.625,
    0.75
  ]
}