{
  "xs_absatt": [
    0.12603720492206785,
    0.1864932176754493,
    0.22703982351444923,
    0.24660964818790274,
    0.3226193380334488,
    0.39100487977245507,
    0.4869606092703946,
    0.5877513739302412,
    0.7160444099007336
  ],
  "ys_absatt": [
    0.1766619570140954,
    0.37745341952598954,
    0.4561082124920514,
    0.47357366385150496,
    0.5261643004428046,
    0.5313208986648889,
    0.5338269593815457,
    0.5365007161029405,
    0.5338774230813111
  ],
  "xs_forward": [
    0.17344440644499617,
    0.22378478831796703,
    0.25680989591735254,
    0.27640814851619505,
    0.3381634220154487,
    0.3976357171894486,
    0.4787182283365477,
    0.5622192252844073,
    0.6830402715311659
  ],
  "ys_forward": [
    0.04025688439699376,
    0.22067275729303998,
    0.37115945984145887,
    0.4319655112373565,
    0.4565092550872622,
    0.4811688648514395,
    0.4874630840410334,
    0.5240229047345456,
    0.5311708468019721
  ],
  "xs_sparse": [
    0.11597503462684045,
    0.17496589994561498,
    0.21699807678120658,
    0.23824182307842803,
    0.31863852645620966,
    0.3888651064253668,
    0.48538232178606516,
    0.5873031902089545,
    0.7159878398758759
  ],
  "ys_sparse": [
    0.09290804541068108,
    0.3191800954230541,
    0.43651103501989164,
    0.42868207445218875,
    0.5135566841640817,
    0.5160691863640823,
    0.5285257385527052,
    0.5365007161029405,
    0.5338774230813111
  ],
  "xs_bert": [
    0.09361234307289124,
    0.7160444099007336
  ],
  "ys_bert": [
    0.5338774230813111,
    0.5338774230813111
  ],
  "xs_concrete_train": [
    0.09361234307289124,
    0.10594253987073898,
    0.11419602483510971,
    0.1733318269252777,
    0.2702137529850006,
    0.3150155544281006
  ],
  "ys_concrete_train": [
    0.4047791011355206,
    0.4026657824912335,
    0.3889502859258342,
    0.4491534084057902,
    0.4902718526664373,
    0.5115610675474672
  ],
  "xs_concrete_no_train": [
    0.1018451675772667,
    0.12030594050884247,
    0.15305481851100922,
    0.19707314670085907,
    0.24801288545131683,
    0.31555700302124023
  ],
  "ys_concrete_no_train": [
    0.2520276094014936,
    0.231187425303632,
    0.18091386952230076,
    0.19023964225395404,
    0.2905524644665553,
    0.5391190563175304
  ],
  "xs_ltp": [
    0.099055714905262,
    0.27552640438079834,
    0.2757398188114166,
    0.31687435507774353,
    0.346343070268631,
    0.34636005759239197
  ],
  "ys_ltp": [
    0.0,
    0.5601668097291345,
    0.5293023756875906,
    0.492690218631216,
    0.5179481406500624,
    0.5342661861783563
  ],
  "metric_name": "matthews_correlation",
  "concrete_p_logits": [
    -2.0,
    -1.5,
    -1.0,
    -0.5,
    0.0,
    1.0
  ],
  "ltp_lambdas": [
    0.001,
    0.01,
    0.1,
    1.0,
    5.0,
    25.0
  ],
  "ltp_temperatures": [
    0.0001,
    0.0002,
    0.0005,
    0.001,
    0.002
  ],
  "ks": [
    0.05,
    0.1,
    0.15,
    0.2,
    0.3,
    0.4,
    0.5,
    0.625,
    0.75
  ]
}