{
  "xs_absatt": [
    0.10025732907003947,
    0.1689758290761656,
    0.2258129050436661,
    0.28250186825436485,
    0.38166115378489684,
    0.4524705673367701,
    0.5129588861528334,
    0.5946807428914186,
    0.6989206390041988
  ],
  "ys_absatt": [
    0.391304347826087,
    0.49971014492753624,
    0.6052173913043478,
    0.721159420289855,
    0.8266666666666667,
    0.84,
    0.8428985507246377,
    0.8446376811594203,
    0.8440579710144928
  ],
  "xs_forward": [
    0.15863623555931386,
    0.21624244701167933,
    0.26436241820857254,
    0.3125763125763025,
    0.3955730878807833,
    0.4560596099057664,
    0.5088757396449698,
    0.5767508844431933,
    0.6654143577220546
  ],
  "ys_forward": [
    0.38608695652173913,
    0.5460869565217391,
    0.6318840579710145,
    0.6568115942028986,
    0.7733333333333333,
    0.8081159420289855,
    0.832463768115942,
    0.8428985507246377,
    0.8446376811594203
  ],
  "xs_sparse": [
    0.09046841118747738,
    0.15217293297561552,
    0.20512802136547217,
    0.25961134183540996,
    0.3603149693116264,
    0.43710359317381425,
    0.5049884229482525,
    0.5927487841032717,
    0.69863494922018
  ],
  "ys_sparse": [
    0.39072463768115945,
    0.48057971014492756,
    0.5744927536231884,
    0.6811594202898551,
    0.8028985507246377,
    0.841159420289855,
    0.8434782608695652,
    0.8428985507246377,
    0.8440579710144928
  ],
  "xs_bert": [
    0.06568822264671326,
    0.6989206390041988
  ],
  "ys_bert": [
    0.8440579710144928,
    0.8440579710144928
  ],
  "xs_concrete_train": [
    0.06568822264671326,
    0.11391858756542206,
    0.15952996909618378,
    0.2531616985797882,
    0.3704848885536194,
    0.48805028200149536
  ],
  "ys_concrete_train": [
    0.8040579710144927,
    0.8179710144927537,
    0.8121739130434783,
    0.8098550724637681,
    0.8336231884057971,
    0.8278260869565217
  ],
  "xs_concrete_no_train": [
    0.07178255170583725,
    0.09567447751760483,
    0.13646672666072845,
    0.20844335854053497,
    0.3307032883167267,
    0.48719578981399536
  ],
  "ys_concrete_no_train": [
    0.34608695652173915,
    0.3443478260869565,
    0.3715942028985507,
    0.4678260869565217,
    0.7310144927536232,
    0.841159420289855
  ],
  "xs_ltp": [
    0.17351782321929932,
    0.24988378584384918,
    0.36325713992118835,
    0.42806506156921387,
    0.46053194999694824,
    0.4798906445503235
  ],
  "ys_ltp": [
    0.664927536231884,
    0.664927536231884,
    0.8307246376811595,
    0.8347826086956521,
    0.8336231884057971,
    0.8428985507246377
  ],
  "metric_name": "acc",
  "concrete_p_logits": [
    -2.0,
    -1.5,
    -1.0,
    -0.5,
    0.0,
    1.0
  ],
  "ltp_lambdas": [
    0.001,
    0.01,
    0.1,
    1.0,
    5.0,
    25.0
  ],
  "ltp_temperatures": [
    0.0001,
    0.0002,
    0.0005,
    0.001,
    0.002
  ],
  "ks": [
    0.05,
    0.1,
    0.15,
    0.2,
    0.3,
    0.4,
    0.5,
    0.625,
    0.75
  ]
}