{
  "occupies": [
    0.06180712208151817,
    0.08733425289392471,
    0.17623122036457062,
    0.26917561888694763,
    0.4143866300582886,
    0.49832087755203247
  ],
  "metrics": [
    0.8214492753623188,
    0.7971014492753623,
    0.8214492753623188,
    0.8150724637681159,
    0.8394202898550724,
    0.8353623188405798
  ],
  "occupies_no_train": [
    0.07350294291973114,
    0.09877438843250275,
    0.1428169459104538,
    0.2216017246246338,
    0.3552081882953644,
    0.49832087755203247
  ],
  "metrics_no_train": [
    0.34492753623188405,
    0.3472463768115942,
    0.3808695652173913,
    0.4846376811594203,
    0.7715942028985507,
    0.8440579710144928
  ],
  "metric_name": "acc",
  "subset": "mrpc",
  "p_logits": [
    -2,
    -1.5,
    -1,
    -0.5,
    0,
    3
  ],
  "xs_forward": [
    0.10028225954647488,
    0.1689487547012651,
    0.22582484962082805,
    0.2825336592058883,
    0.3816740171756866,
    0.452470628591012,
    0.5129621326276518,
    0.5946832543153346,
    0.6989206390041988
  ],
  "ys_forward": [
    0.5136231884057971,
    0.6255072463768115,
    0.7426086956521739,
    0.782608695652174,
    0.8266666666666667,
    0.8353623188405798,
    0.8417391304347827,
    0.8405797101449275,
    0.8457971014492753
  ],
  "xs_sparse": [
    0.0904686562044448,
    0.15217636321315942,
    0.20510921631322251,
    0.2596068090215127,
    0.3602972668357295,
    0.4371020005635262,
    0.5049914244061037,
    0.5927508667474948,
    0.6986296201011386
  ],
  "ys_sparse": [
    0.39072463768115945,
    0.4811594202898551,
    0.5750724637681159,
    0.68,
    0.8023188405797101,
    0.8405797101449275,
    0.8428985507246377,
    0.8423188405797102,
    0.8428985507246377
  ],
  "xs_bert": [
    0.06180712208151817,
    0.6989206390041988
  ],
  "ys_bert": [
    0.8440579710144928,
    0.8440579710144928
  ],
  "xs_absatt": [
    0.10028225954647488,
    0.1689487547012651,
    0.22582484962082805,
    0.2825336592058883,
    0.3816740171756866,
    0.452470628591012,
    0.5129621326276518,
    0.5946832543153346,
    0.6989206390041988
  ],
  "ys_absatt": [
    0.391304347826087,
    0.5002898550724638,
    0.6063768115942029,
    0.7205797101449275,
    0.8266666666666667,
    0.8394202898550724,
    0.8423188405797102,
    0.8440579710144928,
    0.8428985507246377
  ]
}