{
  "occupies": [
    0.1160091981291771,
    0.2341986745595932,
    0.36505353450775146,
    0.4139010012149811,
    0.4037840664386749,
    0.4229623079299927
  ],
  "metrics": [
    0.8910550458715596,
    0.8967889908256881,
    0.9185779816513762,
    0.9162844036697247,
    0.911697247706422,
    0.9094036697247706
  ],
  "occupies_no_train": [
    0.11393354088068008,
    0.14402726292610168,
    0.18685166537761688,
    0.24266688525676727,
    0.32981759309768677,
    0.4229623079299927
  ],
  "metrics_no_train": [
    0.8211009174311926,
    0.8371559633027523,
    0.8600917431192661,
    0.8990825688073395,
    0.908256880733945,
    0.9243119266055045
  ],
  "metric_name": "acc",
  "subset": "sst2",
  "p_logits": [
    -2,
    -1.5,
    -1,
    -0.5,
    0,
    3
  ],
  "xs_forward": [
    0.12198145890806776,
    0.18487842432797677,
    0.235409315455189,
    0.2673173157118185,
    0.3560483094887156,
    0.4214714184897688,
    0.5011002758710097,
    0.6014226599089942,
    0.7099906973761597
  ],
  "ys_forward": [
    0.6788990825688074,
    0.7706422018348624,
    0.805045871559633,
    0.8211009174311926,
    0.8600917431192661,
    0.8922018348623854,
    0.9059633027522935,
    0.9151376146788991,
    0.9231651376146789
  ],
  "xs_sparse": [
    0.10889042150510084,
    0.167540257907247,
    0.21737345223583598,
    0.25081798935010413,
    0.345720792968543,
    0.4170558798999195,
    0.4996278950408302,
    0.601121126579938,
    0.7098367229102588
  ],
  "ys_sparse": [
    0.8314220183486238,
    0.8795871559633027,
    0.8944954128440367,
    0.9025229357798165,
    0.9208715596330275,
    0.9208715596330275,
    0.9243119266055045,
    0.9243119266055045,
    0.9243119266055045
  ],
  "xs_bert": [
    0.10889042150510084,
    0.7099906973761597
  ],
  "ys_bert": [
    0.9243119266055045,
    0.9243119266055045
  ],
  "xs_absatt": [
    0.12198145890806776,
    0.18487842432797677,
    0.235409315455189,
    0.2673173157118185,
    0.3560483094887156,
    0.4214714184897688,
    0.5011002758710097,
    0.6014226599089942,
    0.7099906973761597
  ],
  "ys_absatt": [
    0.8348623853211009,
    0.8841743119266054,
    0.9036697247706422,
    0.9208715596330275,
    0.9208715596330275,
    0.9243119266055045,
    0.9231651376146789,
    0.9243119266055045,
    0.9243119266055045
  ]
}