{
  "occupies": [
    0.043185044080019,
    0.06370364874601364,
    0.09548912942409515,
    0.1582893580198288,
    0.22828687727451324,
    0.2515704035758972
  ],
  "metrics": [
    0.6534296028880866,
    0.6425992779783394,
    0.6823104693140795,
    0.7111913357400722,
    0.7184115523465704,
    0.6859205776173285
  ],
  "occupies_no_train": [
    0.04162900522351265,
    0.0578671358525753,
    0.08573924005031586,
    0.1295844465494156,
    0.19629263877868652,
    0.2515704035758972
  ],
  "metrics_no_train": [
    0.6137184115523465,
    0.6714801444043321,
    0.703971119133574,
    0.6931407942238267,
    0.6967509025270758,
    0.7256317689530686
  ],
  "metric_name": "acc",
  "subset": "rte",
  "p_logits": [
    -2,
    -1.5,
    -1,
    -0.5,
    0,
    3
  ],
  "xs_forward": [
    0.08626501421980882,
    0.13882287858115763,
    0.1769787268139177,
    0.21595999354593454,
    0.29961923181198374,
    0.3879598662207477,
    0.47219536075290086,
    0.5833041546430484,
    0.6942000081224793
  ],
  "ys_forward": [
    0.555956678700361,
    0.628158844765343,
    0.6353790613718412,
    0.6714801444043321,
    0.7256317689530686,
    0.7184115523465704,
    0.7292418772563177,
    0.7436823104693141,
    0.7364620938628159
  ],
  "xs_sparse": [
    0.08158910623201875,
    0.13415136111729992,
    0.1726562560026698,
    0.2125979498448539,
    0.29686308041354686,
    0.386465990452818,
    0.47170142681052823,
    0.58309231186332,
    0.6941824460267507
  ],
  "ys_sparse": [
    0.6823104693140795,
    0.7292418772563177,
    0.7256317689530686,
    0.7184115523465704,
    0.7184115523465704,
    0.7220216606498195,
    0.7256317689530686,
    0.7220216606498195,
    0.7256317689530686
  ],
  "xs_bert": [
    0.04162900522351265,
    0.6942000081224793
  ],
  "ys_bert": [
    0.7256317689530686,
    0.7256317689530686
  ],
  "xs_absatt": [
    0.08626501421980882,
    0.13882287858115763,
    0.1769787268139177,
    0.21595999354593454,
    0.29961923181198374,
    0.3879598662207477,
    0.47219536075290086,
    0.5833041546430484,
    0.6942000081224793
  ],
  "ys_absatt": [
    0.6534296028880866,
    0.7075812274368231,
    0.7075812274368231,
    0.7292418772563177,
    0.7256317689530686,
    0.7256317689530686,
    0.7256317689530686,
    0.7256317689530686,
    0.7256317689530686
  ]
}