{
  "occupies": [
    0.0934065729379654,
    0.1540130078792572,
    0.1519719958305359,
    0.18776081502437592,
    0.22730037569999695,
    0.2465689331293106
  ],
  "flopses": [
    3.2201807498931885,
    4.404222011566162,
    4.342031478881836,
    5.036626815795898,
    5.826449871063232,
    6.236110687255859
  ],
  "metrics": [
    0.8998021271333169,
    0.9067524115755627,
    0.9082364580756864,
    0.9073212960672767,
    0.9098689092258224,
    0.9107098689092258
  ],
  "occupies_no_train": [
    0.04221682250499725,
    0.0508769266307354,
    0.06698150932788849,
    0.10100473463535309,
    0.17152154445648193,
    0.24642381072044373
  ],
  "flopses_no_train": [
    2.219386339187622,
    2.3870038986206055,
    2.6857964992523193,
    3.296764850616455,
    4.665721416473389,
    6.233094215393066
  ],
  "metrics_no_train": [
    0.726514964135543,
    0.7620331437051694,
    0.8071728914172644,
    0.8443482562453624,
    0.8882512985406876,
    0.9087311402423942
  ],
  "metric_name": "acc",
  "subset": "qqp",
  "p_logits": [
    -2.0,
    -1.5,
    -1.0,
    -0.5,
    0.0,
    1.0
  ],
  "xs_forward": [
    0.09284017958082978,
    0.14904425106898128,
    0.19189625712125497,
    0.22595154055479663,
    0.29869777198957875,
    0.38106624352807683,
    0.4673107842274191,
    0.581199829755931,
    0.6959647246385268
  ],
  "ys_forward": [
    0.739871382636656,
    0.8221864951768488,
    0.8577541429631462,
    0.8763541924313628,
    0.8967350976997279,
    0.9047736829087312,
    0.9074944348256245,
    0.9086074697007173,
    0.9091763541924314
  ],
  "xs_sparse": [
    0.0853352869134961,
    0.1398605725751084,
    0.1847955776328152,
    0.22162826472451574,
    0.29746874949574326,
    0.38080477335874313,
    0.4672752998241845,
    0.581208309041133,
    0.695966052014614
  ],
  "ys_sparse": [
    0.8362849369280237,
    0.8883255008656938,
    0.9016571852584714,
    0.9061093247588424,
    0.9088053425674004,
    0.9091268859757605,
    0.9091763541924314,
    0.909027949542419,
    0.9090774177590898
  ],
  "xs_bert": [
    0.04221682250499725,
    0.695966052014614
  ],
  "ys_bert": [
    0.9090774177590898,
    0.9090774177590898
  ],
  "xs_absatt": [
    0.09284017958082978,
    0.14904425106898128,
    0.19189625712125497,
    0.22595154055479663,
    0.29869777198957875,
    0.38106624352807683,
    0.4673107842274191,
    0.581199829755931,
    0.6959647246385268
  ],
  "ys_absatt": [
    0.8415285678951274,
    0.8906752411575563,
    0.90375958446698,
    0.907642839475637,
    0.9088053425674004,
    0.9092010883007667,
    0.9091021518674252,
    0.9090774177590898,
    0.9090774177590898
  ],
  "dump": {
    "args_list": [
      [
        0,
        "qqp",
        4,
        -1,
        -2.0,
        2.0,
        1.0,
        1.5
      ],
      [
        1,
        "qqp",
        4,
        -1,
        -1.5,
        1.0,
        1.0,
        1.5
      ],
      [
        2,
        "qqp",
        4,
        -1,
        -1.0,
        0.5,
        1.0,
        1.0
      ],
      [
        3,
        "qqp",
        4,
        -1,
        -0.5,
        0.5,
        1.0,
        1.5
      ],
      [
        4,
        "qqp",
        4,
        -1,
        0.0,
        0.5,
        1.0,
        1.5
      ],
      [
        5,
        "qqp",
        4,
        -1,
        1.0,
        0.5,
        1.0,
        1.5
      ]
    ]
  }
}