{
  "occupies": [
    0.029589785217289246,
    0.036115139777607774,
    0.13609931687367896,
    0.19942286475470253,
    0.2933352134537463,
    0.33335343109188126,
    0.33335343109188126
  ],
  "metrics": [
    0.0,
    0.0,
    0.33019062283390754,
    0.3748118124073263,
    0.4586824032732668,
    0.5751032179659222,
    0.5269931161026169
  ],
  "metric_name": "matthews_correlation",
  "subset": "cola",
  "p_logits": [
    -2,
    -1.5,
    -1,
    -0.5,
    0,
    3,
    6
  ],
  "xs_forward": [
    0.1340859523984993,
    0.1995799662146625,
    0.24350545587357922,
    0.2647060992698199,
    0.3470499299358292,
    0.4211342668197603,
    0.5250863071091995,
    0.6342763021573703,
    0.7732604244587395
  ],
  "ys_forward": [
    0.06500685949218549,
    0.2722634902179694,
    0.4207298141137783,
    0.4619390640017387,
    0.48930296336096885,
    0.4772757321610116,
    0.49955152288179666,
    0.5286178863044644,
    0.5311686988596115
  ],
  "xs_sparse": [
    0.12318526791200374,
    0.18709203867400845,
    0.2326268969125661,
    0.2556409554012226,
    0.34273738406048654,
    0.41881617902708174,
    0.5233764956678424,
    0.6337907697926429,
    0.7731991402651437
  ],
  "ys_sparse": [
    0.09290804541068108,
    0.3191800954230541,
    0.43651103501989164,
    0.42868207445218875,
    0.5135566841640817,
    0.5160691863640823,
    0.5285257385527052,
    0.5365007161029405,
    0.5338774230813111
  ],
  "xs_bert": [
    0.029589785217289246,
    0.7732604244587395
  ],
  "ys_bert": [
    0.5338774230813111,
    0.5338774230813111
  ],
  "xs_absatt": [
    0.1340859523984993,
    0.1995799662146625,
    0.24350545587357922,
    0.2647060992698199,
    0.3470499299358292,
    0.4211342668197603,
    0.5250863071091995,
    0.6342763021573703,
    0.7732604244587395
  ],
  "ys_absatt": [
    0.1766619570140954,
    0.37745341952598954,
    0.4561082124920514,
    0.47357366385150496,
    0.5261643004428046,
    0.5313208986648889,
    0.5338269593815457,
    0.5365007161029405,
    0.5338774230813111
  ]
}