{
  "occupies": [
    0.04348364472389221,
    0.058952514082193375,
    0.09868311882019043,
    0.1518012434244156,
    0.20920827984809875,
    0.2494358867406845
  ],
  "metrics": [
    0.6498194945848376,
    0.6570397111913358,
    0.7003610108303249,
    0.6895306859205776,
    0.703971119133574,
    0.7111913357400722
  ],
  "occupies_no_train": [
    0.0413990244269371,
    0.05764992535114288,
    0.08528707921504974,
    0.12887915968894958,
    0.19472433626651764,
    0.2494358867406845
  ],
  "metrics_no_train": [
    0.6137184115523465,
    0.6750902527075813,
    0.703971119133574,
    0.6931407942238267,
    0.6967509025270758,
    0.7256317689530686
  ],
  "metric_name": "acc",
  "subset": "rte",
  "p_logits": [
    -2.0,
    -1.5,
    -1.0,
    -0.5,
    0.0,
    3.0
  ],
  "xs_forward": [
    0.08626501421980882,
    0.13882287858115763,
    0.1769787268139177,
    0.21595999354593454,
    0.29961923181198374,
    0.3879598662207477,
    0.47219536075290086,
    0.5833041546430484,
    0.6942000081224793
  ],
  "ys_forward": [
    0.555956678700361,
    0.628158844765343,
    0.6353790613718412,
    0.6714801444043321,
    0.7256317689530686,
    0.7184115523465704,
    0.7292418772563177,
    0.7436823104693141,
    0.7364620938628159
  ],
  "xs_sparse": [
    0.08158910623201875,
    0.13415136111729992,
    0.1726562560026698,
    0.2125979498448539,
    0.29686308041354686,
    0.386465990452818,
    0.47170142681052823,
    0.58309231186332,
    0.6941824460267507
  ],
  "ys_sparse": [
    0.6823104693140795,
    0.7292418772563177,
    0.7256317689530686,
    0.7184115523465704,
    0.7184115523465704,
    0.7220216606498195,
    0.7256317689530686,
    0.7220216606498195,
    0.7256317689530686
  ],
  "xs_bert": [
    0.0413990244269371,
    0.6942000081224793
  ],
  "ys_bert": [
    0.7256317689530686,
    0.7256317689530686
  ],
  "xs_absatt": [
    0.08626501421980882,
    0.13882287858115763,
    0.1769787268139177,
    0.21595999354593454,
    0.29961923181198374,
    0.3879598662207477,
    0.47219536075290086,
    0.5833041546430484,
    0.6942000081224793
  ],
  "ys_absatt": [
    0.6534296028880866,
    0.7075812274368231,
    0.7075812274368231,
    0.7292418772563177,
    0.7256317689530686,
    0.7256317689530686,
    0.7256317689530686,
    0.7256317689530686,
    0.7256317689530686
  ]
}