{
  "occupies": [
    0.053832005709409714,
    0.08038151264190674,
    0.22764214873313904,
    0.26955121755599976,
    0.27448931336402893,
    0.2773728370666504
  ],
  "flopses": [
    3.8041956424713135,
    4.580573558807373,
    8.961201667785645,
    10.217331886291504,
    10.36862564086914,
    10.462004661560059
  ],
  "metrics": [
    0.8802855573860516,
    0.8876075416437854,
    0.909573494416987,
    0.9101226432363171,
    0.9106717920556471,
    0.9101226432363171
  ],
  "occupies_no_train": [
    0.05189097300171852,
    0.07110992074012756,
    0.10606125742197037,
    0.1596388965845108,
    0.22920367121696472,
    0.2773728370666504
  ],
  "flopses_no_train": [
    3.747920036315918,
    4.309957981109619,
    5.322908878326416,
    6.86338996887207,
    8.921958923339844,
    10.462004661560059
  ],
  "metrics_no_train": [
    0.6417719201903715,
    0.6540362438220758,
    0.7375068643602416,
    0.8456891817682592,
    0.9086582463847702,
    0.9154310818231741
  ],
  "metric_name": "acc",
  "subset": "qnli",
  "p_logits": [
    -2.0,
    -1.5,
    -1.0,
    -0.5,
    0.0,
    3.0
  ],
  "xs_forward": [
    0.09783130260879859,
    0.149419391729142,
    0.19126796934553245,
    0.22862720496151814,
    0.30127061602488053,
    0.38019042870514236,
    0.4677629144854178,
    0.5817971652861598,
    0.6952099451040298
  ],
  "ys_forward": [
    0.6708768076148637,
    0.7640490572945268,
    0.8134724510342303,
    0.8409298920007322,
    0.876258466044298,
    0.8982244188174996,
    0.9084751967783269,
    0.914332784184514,
    0.9154310818231741
  ],
  "xs_sparse": [
    0.09102708269962081,
    0.1406551332966771,
    0.18388634366973877,
    0.2237332670407341,
    0.29999605917612543,
    0.3798283298820798,
    0.4676347932087302,
    0.5817658478087618,
    0.6951863477052124
  ],
  "ys_sparse": [
    0.7726523887973641,
    0.8548416620904266,
    0.8912685337726524,
    0.9031667581914699,
    0.9145158337909574,
    0.9154310818231741,
    0.9152480322167308,
    0.9152480322167308,
    0.9154310818231741
  ],
  "xs_bert": [
    0.05189097300171852,
    0.6952099451040298
  ],
  "ys_bert": [
    0.9154310818231741,
    0.9154310818231741
  ],
  "xs_absatt": [
    0.09783130260879859,
    0.149419391729142,
    0.19126796934553245,
    0.22862720496151814,
    0.30127061602488053,
    0.38019042870514236,
    0.4677629144854178,
    0.5817971652861598,
    0.6952099451040298
  ],
  "ys_absatt": [
    0.7907742998352554,
    0.8740618707669778,
    0.90481420464946,
    0.9112209408749771,
    0.9152480322167308,
    0.9156141314296175,
    0.9154310818231741,
    0.9154310818231741,
    0.9154310818231741
  ]
}