{
  "occupies": [
    0.06568822264671326,
    0.11391858756542206,
    0.15952996909618378,
    0.2531616985797882,
    0.3704848885536194,
    0.48805028200149536
  ],
  "flopses": [
    2.267540454864502,
    3.079577922821045,
    3.8166356086730957,
    5.333183765411377,
    7.340817451477051,
    9.493719100952148
  ],
  "metrics": [
    0.8040579710144927,
    0.8179710144927537,
    0.8121739130434783,
    0.8098550724637681,
    0.8336231884057971,
    0.8278260869565217
  ],
  "occupies_no_train": [
    0.07178255170583725,
    0.09567447751760483,
    0.13646672666072845,
    0.20844335854053497,
    0.3307032883167267,
    0.48719578981399536
  ],
  "flopses_no_train": [
    2.3711302280426025,
    2.768371820449829,
    3.4185574054718018,
    4.532509803771973,
    6.614453315734863,
    9.477845191955566
  ],
  "metrics_no_train": [
    0.34608695652173915,
    0.3443478260869565,
    0.3715942028985507,
    0.4678260869565217,
    0.7310144927536232,
    0.841159420289855
  ],
  "metric_name": "acc",
  "subset": "mrpc",
  "p_logits": [
    -2.0,
    -1.5,
    -1.0,
    -0.5,
    0.0,
    1.0
  ],
  "xs_forward": [
    0.10025732907003947,
    0.1689758290761656,
    0.2258129050436661,
    0.28250186825436485,
    0.38166115378489684,
    0.4524705673367701,
    0.5129588861528334,
    0.5946807428914186,
    0.6989206390041988
  ],
  "ys_forward": [
    0.5118840579710144,
    0.6255072463768115,
    0.7420289855072464,
    0.7831884057971015,
    0.8260869565217391,
    0.8353623188405798,
    0.841159420289855,
    0.841159420289855,
    0.8457971014492753
  ],
  "xs_sparse": [
    0.09046841118747738,
    0.15217293297561552,
    0.20512802136547217,
    0.25961134183540996,
    0.3603149693116264,
    0.43710359317381425,
    0.5049884229482525,
    0.5927487841032717,
    0.69863494922018
  ],
  "ys_sparse": [
    0.39072463768115945,
    0.48057971014492756,
    0.5744927536231884,
    0.6811594202898551,
    0.8028985507246377,
    0.841159420289855,
    0.8434782608695652,
    0.8428985507246377,
    0.8440579710144928
  ],
  "xs_bert": [
    0.06568822264671326,
    0.6989206390041988
  ],
  "ys_bert": [
    0.8440579710144928,
    0.8440579710144928
  ],
  "xs_absatt": [
    0.10025732907003947,
    0.1689758290761656,
    0.2258129050436661,
    0.28250186825436485,
    0.38166115378489684,
    0.4524705673367701,
    0.5129588861528334,
    0.5946807428914186,
    0.6989206390041988
  ],
  "ys_absatt": [
    0.391304347826087,
    0.49971014492753624,
    0.6052173913043478,
    0.721159420289855,
    0.8266666666666667,
    0.84,
    0.8428985507246377,
    0.8446376811594203,
    0.8440579710144928
  ],
  "dump": {
    "args_list": [
      [
        0,
        "mrpc",
        4,
        -1,
        -2.0,
        2.0,
        1.0,
        1.0
      ],
      [
        1,
        "mrpc",
        4,
        -1,
        -1.5,
        2.0,
        1.0,
        0.75
      ],
      [
        2,
        "mrpc",
        4,
        -1,
        -1.0,
        2.0,
        1.0,
        1.0
      ],
      [
        3,
        "mrpc",
        4,
        -1,
        -0.5,
        1.0,
        1.0,
        1.5
      ],
      [
        4,
        "mrpc",
        4,
        -1,
        0.0,
        1.0,
        1.0,
        1.5
      ],
      [
        5,
        "mrpc",
        4,
        -1,
        1.0,
        2.0,
        1.0,
        0.75
      ]
    ]
  }
}