{
  "occupies": [
    0.07442322054354594,
    0.1849370228772966,
    0.18994462106082388,
    0.22627673389452538,
    0.24468268540734836,
    0.2496375257652209
  ],
  "flopses": [
    2.848570438421051,
    5.011419966704864,
    5.09667855116705,
    5.818475713029793,
    6.196199946503513,
    6.300918851768635
  ],
  "metrics": [
    0.8948553054662379,
    0.9052930991837744,
    0.904699480583725,
    0.906331931733861,
    0.9061340588671778,
    0.9058867177838239
  ],
  "occupies_no_train": [
    0.04283905924785176,
    0.052088293864669205,
    0.06963901376321494,
    0.10815334174412242,
    0.18426119333164798,
    0.2496375257652209
  ],
  "flopses_no_train": [
    2.231591884166203,
    2.4100436121520197,
    2.733440876219364,
    3.428065987410732,
    4.926954791439254,
    6.300918851768635
  ],
  "metrics_no_train": [
    0.7298046005441504,
    0.7672025723472669,
    0.8102151867425179,
    0.8502844422458571,
    0.8948058372495672,
    0.9091021518674252
  ],
  "metric_name": "acc",
  "subset": "qqp",
  "p_logits": [
    -2.0,
    -1.5,
    -1.0,
    -0.5,
    0.0,
    3.0
  ],
  "xs_forward": [
    0.09284017958082978,
    0.14904425106898128,
    0.19189625712125497,
    0.22595154055479663,
    0.29869777198957875,
    0.38106624352807683,
    0.4673107842274191,
    0.581199829755931,
    0.6959647246385268
  ],
  "ys_forward": [
    0.739871382636656,
    0.8221617610685135,
    0.8577541429631462,
    0.8763541924313628,
    0.8967350976997279,
    0.9047736829087312,
    0.9074944348256245,
    0.9086074697007173,
    0.9091763541924314
  ],
  "xs_sparse": [
    0.0853352869134961,
    0.1398605725751084,
    0.1847955776328152,
    0.22162826472451574,
    0.29746874949574326,
    0.38080477335874313,
    0.4672752998241845,
    0.581208309041133,
    0.695966052014614
  ],
  "ys_sparse": [
    0.8362849369280237,
    0.8883255008656938,
    0.9016571852584714,
    0.9061093247588424,
    0.9088053425674004,
    0.9091268859757605,
    0.9091763541924314,
    0.909027949542419,
    0.9090774177590898
  ],
  "xs_bert": [
    0.04283905924785176,
    0.695966052014614
  ],
  "ys_bert": [
    0.9090774177590898,
    0.9090774177590898
  ],
  "xs_absatt": [
    0.09284017958082978,
    0.14904425106898128,
    0.19189625712125497,
    0.22595154055479663,
    0.29869777198957875,
    0.38106624352807683,
    0.4673107842274191,
    0.581199829755931,
    0.6959647246385268
  ],
  "ys_absatt": [
    0.8415285678951274,
    0.8906752411575563,
    0.90375958446698,
    0.907642839475637,
    0.9088053425674004,
    0.9092010883007667,
    0.9091021518674252,
    0.9090774177590898,
    0.9090774177590898
  ]
}