{
  "occupies": [
    0.0708143562078476,
    0.10001319646835327,
    0.14883974194526672,
    0.2666552662849426,
    0.3330957591533661,
    0.3593694865703583
  ],
  "flopses": [
    1.9125666618347168,
    2.329258441925049,
    3.002758264541626,
    4.655449390411377,
    5.586177825927734,
    5.977280139923096
  ],
  "metrics": [
    0.7504556958896542,
    0.8155257858277534,
    0.823852342195342,
    0.8702571329563281,
    0.8811436790886096,
    0.8866998844066009
  ],
  "occupies_no_train": [
    0.06219981238245964,
    0.07842638343572617,
    0.11599455773830414,
    0.18940110504627228,
    0.2920670509338379,
    0.3593694865703583
  ],
  "flopses_no_train": [
    1.7954370975494385,
    2.0218729972839355,
    2.5344042778015137,
    3.5131242275238037,
    4.962538242340088,
    5.977280139923096
  ],
  "metrics_no_train": [
    -0.018569990303527885,
    0.03771914330312302,
    0.15429900691881507,
    0.5745673602932883,
    0.8432727191194305,
    0.8804690043302938
  ],
  "metric_name": "pearson",
  "subset": "stsb",
  "p_logits": [
    -2.0,
    -1.5,
    -1.0,
    -0.5,
    0.0,
    3.0
  ],
  "xs_forward": [
    0.10102561835453423,
    0.165621981908451,
    0.22020700990726977,
    0.2598030333945343,
    0.33755480740889426,
    0.4126207123263066,
    0.4837588474008424,
    0.5887738330046918,
    0.7014157428190587
  ],
  "ys_forward": [
    0.7204517820129422,
    0.8003974973202393,
    0.850193688140594,
    0.8569254554161625,
    0.8664550465376143,
    0.8727633395344322,
    0.8760566000579179,
    0.8782709770790468,
    0.8792131391514304
  ],
  "xs_sparse": [
    0.09244591806661123,
    0.15392455054523288,
    0.20876576208936734,
    0.2510043301820409,
    0.33153179623203755,
    0.4094243124986055,
    0.4822529642477459,
    0.5884631027682323,
    0.7013978779842188
  ],
  "ys_sparse": [
    0.2398217483837926,
    0.6306543141359232,
    0.7663743607878158,
    0.8252463061699125,
    0.865905772472542,
    0.8762159884229744,
    0.8794230163049134,
    0.8801520817813447,
    0.8804389032600941
  ],
  "xs_bert": [
    0.06219981238245964,
    0.7014157428190587
  ],
  "ys_bert": [
    0.8804623774552178,
    0.8804623774552178
  ],
  "xs_absatt": [
    0.10102561835453423,
    0.165621981908451,
    0.22020700990726977,
    0.2598030333945343,
    0.33755480740889426,
    0.4126207123263066,
    0.4837588474008424,
    0.5887738330046918,
    0.7014157428190587
  ],
  "ys_absatt": [
    0.30164758584944407,
    0.6547571110035566,
    0.7948524588919961,
    0.8391132315112124,
    0.8735939944540311,
    0.8785774747124415,
    0.8799745966194604,
    0.8803754040769398,
    0.8804608830569567
  ]
}