{
  "occupies": [
    0.09421820193529129,
    0.10363495349884033,
    0.13213010132312775,
    0.1885683685541153,
    0.3105626702308655,
    0.33546486496925354
  ],
  "metrics": [
    0.3952359020227402,
    0.3878653708101987,
    0.39973604521075146,
    0.44680434771969624,
    0.5445029137697658,
    0.5364506086387147
  ],
  "occupies_no_train": [
    0.10976982861757278,
    0.13085490465164185,
    0.167480006814003,
    0.21414296329021454,
    0.2708471119403839,
    0.33546486496925354
  ],
  "metrics_no_train": [
    0.2496531175035053,
    0.2350482394563485,
    0.18800955062462263,
    0.17892397381856487,
    0.3300874552797935,
    0.5338774230813111
  ],
  "metric_name": "matthews_correlation",
  "subset": "cola",
  "p_logits": [
    -2.0,
    -1.5,
    -1.0,
    -0.5,
    0.0,
    3.0
  ],
  "xs_forward": [
    0.12603720492206785,
    0.1864932176754493,
    0.22703982351444923,
    0.24660964818790274,
    0.3226193380334488,
    0.39100487977245507,
    0.4869606092703946,
    0.5877513739302412,
    0.7160444099007336
  ],
  "ys_forward": [
    0.07020916571551028,
    0.19029029188041677,
    0.3289923586584183,
    0.4168016962756899,
    0.4827605792030205,
    0.47826954588456344,
    0.4855357738917488,
    0.5162458987125488,
    0.5259287977773666
  ],
  "xs_sparse": [
    0.11597503462684045,
    0.17496589994561498,
    0.21699807678120658,
    0.23824182307842803,
    0.31863852645620966,
    0.3888651064253668,
    0.48538232178606516,
    0.5873031902089545,
    0.7159878398758759
  ],
  "ys_sparse": [
    0.09290804541068108,
    0.3191800954230541,
    0.43651103501989164,
    0.42868207445218875,
    0.5135566841640817,
    0.5160691863640823,
    0.5285257385527052,
    0.5365007161029405,
    0.5338774230813111
  ],
  "xs_bert": [
    0.09421820193529129,
    0.7160444099007336
  ],
  "ys_bert": [
    0.5338774230813111,
    0.5338774230813111
  ],
  "xs_absatt": [
    0.12603720492206785,
    0.1864932176754493,
    0.22703982351444923,
    0.24660964818790274,
    0.3226193380334488,
    0.39100487977245507,
    0.4869606092703946,
    0.5877513739302412,
    0.7160444099007336
  ],
  "ys_absatt": [
    0.1766619570140954,
    0.37745341952598954,
    0.4561082124920514,
    0.47357366385150496,
    0.5261643004428046,
    0.5313208986648889,
    0.5338269593815457,
    0.5365007161029405,
    0.5338774230813111
  ]
}