{
  "occupies": [
    0.12135019898414612,
    0.1809963583946228,
    0.23355980217456818,
    0.2436709851026535,
    0.24511109292507172,
    0.24963612854480743
  ],
  "metrics": [
    0.8923818946326985,
    0.9045510759337126,
    0.9056393767004699,
    0.9057135790254761,
    0.9088795448924066,
    0.9091268859757605
  ],
  "occupies_no_train": [
    0.04283871874213219,
    0.05208880081772804,
    0.06963886320590973,
    0.10815154016017914,
    0.18426135182380676,
    0.24963612854480743
  ],
  "metrics_no_train": [
    0.7297303982191442,
    0.7671531041305961,
    0.8102151867425179,
    0.8504328468958694,
    0.894731634924561,
    0.9090774177590898
  ],
  "metric_name": "acc",
  "subset": "qqp",
  "p_logits": [
    -2.0,
    -1.5,
    -1.0,
    -0.5,
    0.0,
    3.0
  ],
  "xs_forward": [
    0.09284139301934148,
    0.1490419382345551,
    0.19190083017664739,
    0.22595206048033248,
    0.2986982849245897,
    0.38106598088368804,
    0.4673114601711468,
    0.5811997299915466,
    0.6959648243199765
  ],
  "ys_forward": [
    0.7402918624783577,
    0.8221370269601781,
    0.8576304724214692,
    0.876428394756369,
    0.8967598318080633,
    0.9047242146920603,
    0.9075191689339599,
    0.9085827355923819,
    0.9091763541924314
  ],
  "xs_sparse": [
    0.08533423146723967,
    0.1398619390525252,
    0.18479879556309772,
    0.22162728169126852,
    0.2974678167604738,
    0.3808039409796593,
    0.46727561620008207,
    0.5812083729419257,
    0.6959659981768017
  ],
  "ys_sparse": [
    0.8362107346030175,
    0.8883007667573584,
    0.9017313875834776,
    0.9061093247588424,
    0.9088053425674004,
    0.9091268859757605,
    0.9091763541924314,
    0.9089784813257482,
    0.909027949542419
  ],
  "xs_bert": [
    0.04283871874213219,
    0.6959659981768017
  ],
  "ys_bert": [
    0.9090774177590898,
    0.9090774177590898
  ],
  "xs_absatt": [
    0.09284139301934148,
    0.1490419382345551,
    0.19190083017664739,
    0.22595206048033248,
    0.2986982849245897,
    0.38106598088368804,
    0.4673114601711468,
    0.5811997299915466,
    0.6959648243199765
  ],
  "ys_absatt": [
    0.8415285678951274,
    0.8907494434825625,
    0.9037843185753154,
    0.9075686371506307,
    0.9088300766757358,
    0.9091763541924314,
    0.9091021518674252,
    0.909027949542419,
    0.909027949542419
  ]
}