{
  "occupies": [
    0.09533211588859558,
    0.21972393989562988,
    0.3489634692668915,
    0.40985122323036194,
    0.41284048557281494,
    0.4229623079299927
  ],
  "metrics": [
    0.8841743119266054,
    0.9048165137614679,
    0.9151376146788991,
    0.9128440366972477,
    0.9128440366972477,
    0.9208715596330275
  ],
  "occupies_no_train": [
    0.11393354088068008,
    0.14402726292610168,
    0.18685166537761688,
    0.24266688525676727,
    0.32981759309768677,
    0.4229623079299927
  ],
  "metrics_no_train": [
    0.8211009174311926,
    0.8371559633027523,
    0.8600917431192661,
    0.8990825688073395,
    0.908256880733945,
    0.9243119266055045
  ],
  "metric_name": "acc",
  "subset": "sst2",
  "p_logits": [
    -2.0,
    -1.5,
    -1.0,
    -0.5,
    0.0,
    3.0
  ],
  "xs_forward": [
    0.12199589401424599,
    0.18484795021493386,
    0.23542375056136736,
    0.2672996728042673,
    0.35603868608459677,
    0.4214682106883959,
    0.5010874446655178,
    0.6014386989158589,
    0.7099906973761597
  ],
  "ys_forward": [
    0.6788990825688074,
    0.7706422018348624,
    0.8061926605504587,
    0.819954128440367,
    0.8600917431192661,
    0.8922018348623854,
    0.9059633027522935,
    0.9151376146788991,
    0.9231651376146789
  ],
  "xs_sparse": [
    0.10885673959068494,
    0.1675354462051876,
    0.217452043369473,
    0.25080034644255306,
    0.3457015461603054,
    0.4170606916019789,
    0.49960223262984665,
    0.6011323538847433,
    0.7098335151088858
  ],
  "ys_sparse": [
    0.8325688073394495,
    0.8795871559633027,
    0.893348623853211,
    0.9025229357798165,
    0.9208715596330275,
    0.9208715596330275,
    0.9243119266055045,
    0.9243119266055045,
    0.9243119266055045
  ],
  "xs_bert": [
    0.09533211588859558,
    0.7099906973761597
  ],
  "ys_bert": [
    0.9243119266055045,
    0.9243119266055045
  ],
  "xs_absatt": [
    0.12199589401424599,
    0.18484795021493386,
    0.23542375056136736,
    0.2672996728042673,
    0.35603868608459677,
    0.4214682106883959,
    0.5010874446655178,
    0.6014386989158589,
    0.7099906973761597
  ],
  "ys_absatt": [
    0.8348623853211009,
    0.8853211009174312,
    0.9025229357798165,
    0.9208715596330275,
    0.9208715596330275,
    0.9243119266055045,
    0.9231651376146789,
    0.9243119266055045,
    0.9243119266055045
  ]
}