{
  "occupies": [
    0.05518550053238869,
    0.08487996459007263,
    0.254387229681015,
    0.2730831503868103,
    0.27591976523399353,
    0.2773607671260834
  ],
  "flopses": [
    3.8444721698760986,
    4.71479606628418,
    9.767789840698242,
    10.327857971191406,
    10.415167808532715,
    10.461772918701172
  ],
  "metrics": [
    0.8850448471535787,
    0.8894380377082189,
    0.9132344865458539,
    0.9123192385136372,
    0.9141497345780707,
    0.9137836353651839
  ],
  "occupies_no_train": [
    0.05189267918467522,
    0.0711066946387291,
    0.10605823248624802,
    0.15963192284107208,
    0.22919683158397675,
    0.2773607671260834
  ],
  "flopses_no_train": [
    3.747816562652588,
    4.309876918792725,
    5.322718143463135,
    6.863286972045898,
    8.921765327453613,
    10.461772918701172
  ],
  "metrics_no_train": [
    0.6417719201903715,
    0.6538531942156325,
    0.7375068643602416,
    0.8455061321618158,
    0.9086582463847702,
    0.9154310818231741
  ],
  "metric_name": "acc",
  "subset": "qnli",
  "p_logits": [
    -2.0,
    -1.5,
    -1.0,
    -0.5,
    0.0,
    3.0
  ],
  "xs_forward": [
    0.09783130260879859,
    0.149419391729142,
    0.19126796934553245,
    0.22862720496151814,
    0.30127061602488053,
    0.38019042870514236,
    0.4677629144854178,
    0.5817971652861598,
    0.6952099451040298
  ],
  "ys_forward": [
    0.6708768076148637,
    0.7640490572945268,
    0.8134724510342303,
    0.8409298920007322,
    0.876258466044298,
    0.8982244188174996,
    0.9084751967783269,
    0.914332784184514,
    0.9154310818231741
  ],
  "xs_sparse": [
    0.09102708269962081,
    0.1406551332966771,
    0.18388634366973877,
    0.2237332670407341,
    0.29999605917612543,
    0.3798283298820798,
    0.4676347932087302,
    0.5817658478087618,
    0.6951863477052124
  ],
  "ys_sparse": [
    0.7726523887973641,
    0.8548416620904266,
    0.8912685337726524,
    0.9031667581914699,
    0.9145158337909574,
    0.9154310818231741,
    0.9152480322167308,
    0.9152480322167308,
    0.9154310818231741
  ],
  "xs_bert": [
    0.05189267918467522,
    0.6952099451040298
  ],
  "ys_bert": [
    0.9154310818231741,
    0.9154310818231741
  ],
  "xs_absatt": [
    0.09783130260879859,
    0.149419391729142,
    0.19126796934553245,
    0.22862720496151814,
    0.30127061602488053,
    0.38019042870514236,
    0.4677629144854178,
    0.5817971652861598,
    0.6952099451040298
  ],
  "ys_absatt": [
    0.7907742998352554,
    0.8740618707669778,
    0.90481420464946,
    0.9112209408749771,
    0.9152480322167308,
    0.9156141314296175,
    0.9154310818231741,
    0.9154310818231741,
    0.9154310818231741
  ]
}