{
  "occupies": [
    0.11785812304270539
  ],
  "metrics": [
    0.7568807339449541
  ],
  "metric_name": "acc",
  "subset": "sst2",
  "p_logits": [
    -1
  ],
  "xs_forward": [
    0.13064706700028228,
    0.19873679455102924,
    0.25352724492633083,
    0.2880594940228057,
    0.3841934250764961,
    0.455075410063945,
    0.5413295802058264,
    0.6500434389770298,
    0.7676414373090227
  ],
  "ys_forward": [
    0.7121559633027523,
    0.7889908256880734,
    0.8325688073394495,
    0.8428899082568807,
    0.8864678899082569,
    0.9025229357798165,
    0.9151376146788991,
    0.9208715596330275,
    0.9243119266055045
  ],
  "xs_sparse": [
    0.11641298304142522,
    0.17998158187380273,
    0.23405789546844505,
    0.27018522379761556,
    0.3729948568251805,
    0.45030059772032666,
    0.5397206005005161,
    0.6497115651933211,
    0.767471156519476
  ],
  "ys_sparse": [
    0.8325688073394495,
    0.8795871559633027,
    0.893348623853211,
    0.9025229357798165,
    0.9208715596330275,
    0.9208715596330275,
    0.9243119266055045,
    0.9243119266055045,
    0.9243119266055045
  ],
  "xs_bert": [
    0.11641298304142522,
    0.7676414373090227
  ],
  "ys_bert": [
    0.9243119266055045,
    0.9243119266055045
  ],
  "xs_absatt": [
    0.13064706700028228,
    0.19873679455102924,
    0.25352724492633083,
    0.2880594940228057,
    0.3841934250764961,
    0.455075410063945,
    0.5413295802058264,
    0.6500434389770298,
    0.7676414373090227
  ],
  "ys_absatt": [
    0.8348623853211009,
    0.8853211009174312,
    0.9025229357798165,
    0.9208715596330275,
    0.9208715596330275,
    0.9243119266055045,
    0.9231651376146789,
    0.9243119266055045,
    0.9243119266055045
  ]
}