{
  "occupies": [
    0.0912938117980957,
    0.10459235310554504,
    0.1293121725320816,
    0.20133310556411743,
    0.3012482225894928,
    0.33546486496925354
  ],
  "metrics": [
    0.40637153481985594,
    0.3818848270189336,
    0.42386735506802997,
    0.4544455053417749,
    0.5339494412838712,
    0.5277813760438573
  ],
  "occupies_no_train": [
    0.10981425642967224,
    0.13088317215442657,
    0.16748404502868652,
    0.21422578394412994,
    0.2708471119403839,
    0.33546486496925354
  ],
  "metrics_no_train": [
    0.2496531175035053,
    0.23372508496078614,
    0.18494451975386295,
    0.17769222270571525,
    0.3300874552797935,
    0.5338774230813111
  ],
  "metric_name": "matthews_correlation",
  "subset": "cola",
  "p_logits": [
    -2.0,
    -1.5,
    -1.0,
    -0.5,
    0.0,
    3.0
  ],
  "xs_forward": [
    0.1260414193078738,
    0.1865332543406058,
    0.22702718035703137,
    0.24654513566671934,
    0.3226088020689339,
    0.391021737315679,
    0.4869606092703946,
    0.5877513739302412,
    0.7160444099007336
  ],
  "ys_forward": [
    0.07020916571551028,
    0.19154942617110646,
    0.3289923586584183,
    0.4168016962756899,
    0.4827605792030205,
    0.47826954588456344,
    0.4855357738917488,
    0.5162458987125488,
    0.5259287977773666
  ],
  "xs_sparse": [
    0.1159876777842583,
    0.1749553639811001,
    0.21700861274572156,
    0.23822707272810723,
    0.31863220487750077,
    0.3888651064253668,
    0.48538232178606516,
    0.5873031902089545,
    0.7159878398758759
  ],
  "ys_sparse": [
    0.09290804541068108,
    0.3191800954230541,
    0.4381324638432648,
    0.4304290345867908,
    0.5135566841640817,
    0.5160691863640823,
    0.5285257385527052,
    0.5365007161029405,
    0.5338774230813111
  ],
  "xs_bert": [
    0.0912938117980957,
    0.7160444099007336
  ],
  "ys_bert": [
    0.5338774230813111,
    0.5338774230813111
  ],
  "xs_absatt": [
    0.1260414193078738,
    0.1865332543406058,
    0.22702718035703137,
    0.24654513566671934,
    0.3226088020689339,
    0.391021737315679,
    0.4869606092703946,
    0.5877513739302412,
    0.7160444099007336
  ],
  "ys_absatt": [
    0.1766619570140954,
    0.3787773133209836,
    0.4599322430718335,
    0.47357366385150496,
    0.5285049056800905,
    0.5313208986648889,
    0.5338269593815457,
    0.5365007161029405,
    0.5338774230813111
  ]
}