{
  "occupies": [
    0.13371728360652924,
    0.2269216775894165,
    0.33593499660491943,
    0.38270047307014465,
    0.39155471324920654,
    0.4229623079299927
  ],
  "metrics": [
    0.9025229357798165,
    0.9013761467889908,
    0.9071100917431193,
    0.908256880733945,
    0.9243119266055045,
    0.9254587155963303
  ],
  "occupies_no_train": [
    0.1139160543680191,
    0.14402565360069275,
    0.1868850737810135,
    0.2426064908504486,
    0.3297969698905945,
    0.4229623079299927
  ],
  "metrics_no_train": [
    0.8211009174311926,
    0.838302752293578,
    0.8600917431192661,
    0.8979357798165137,
    0.908256880733945,
    0.9243119266055045
  ],
  "metric_name": "acc",
  "subset": "sst2",
  "p_logits": [
    -2.0,
    -1.5,
    -1.0,
    -0.5,
    0.0,
    3.0
  ],
  "xs_forward": [
    0.12198145890806776,
    0.18487842432797677,
    0.235409315455189,
    0.2673173157118185,
    0.3560483094887156,
    0.4214714184897688,
    0.5011002758710097,
    0.6014226599089942,
    0.7099906973761597
  ],
  "ys_forward": [
    0.6788990825688074,
    0.7706422018348624,
    0.805045871559633,
    0.8211009174311926,
    0.8600917431192661,
    0.8922018348623854,
    0.9059633027522935,
    0.9151376146788991,
    0.9231651376146789
  ],
  "xs_sparse": [
    0.10889042150510084,
    0.167540257907247,
    0.21737345223583598,
    0.25081798935010413,
    0.345720792968543,
    0.4170558798999195,
    0.4996278950408302,
    0.601121126579938,
    0.7098367229102588
  ],
  "ys_sparse": [
    0.8314220183486238,
    0.8795871559633027,
    0.8944954128440367,
    0.9025229357798165,
    0.9208715596330275,
    0.9208715596330275,
    0.9243119266055045,
    0.9243119266055045,
    0.9243119266055045
  ],
  "xs_bert": [
    0.10889042150510084,
    0.7099906973761597
  ],
  "ys_bert": [
    0.9243119266055045,
    0.9243119266055045
  ],
  "xs_absatt": [
    0.12198145890806776,
    0.18487842432797677,
    0.235409315455189,
    0.2673173157118185,
    0.3560483094887156,
    0.4214714184897688,
    0.5011002758710097,
    0.6014226599089942,
    0.7099906973761597
  ],
  "ys_absatt": [
    0.8348623853211009,
    0.8841743119266054,
    0.9036697247706422,
    0.9208715596330275,
    0.9208715596330275,
    0.9243119266055045,
    0.9231651376146789,
    0.9243119266055045,
    0.9243119266055045
  ]
}