{
  "occupies": [
    0.09630373865365982,
    0.10895933210849762,
    0.14401215314865112,
    0.1692349910736084,
    0.2765416204929352,
    0.3205246031284332
  ],
  "flopses": [
    0.9408987760543823,
    1.0118342638015747,
    1.2071443796157837,
    1.3171762228012085,
    1.9699751138687134,
    2.2500641345977783
  ],
  "metrics": [
    0.4096847739402383,
    0.41454608927322595,
    0.39994841431045636,
    0.42956981984553666,
    0.5153691855191354,
    0.5416832977810567
  ],
  "occupies_no_train": [
    0.10311326384544373,
    0.12311108410358429,
    0.15771415829658508,
    0.2026056945323944,
    0.25776800513267517,
    0.3205246031284332
  ],
  "flopses_no_train": [
    0.9783915877342224,
    1.0930942296981812,
    1.282748818397522,
    1.5259556770324707,
    1.8548014163970947,
    2.2500641345977783
  ],
  "metrics_no_train": [
    0.2496531175035053,
    0.2350482394563485,
    0.18800955062462263,
    0.17892397381856487,
    0.3300874552797935,
    0.5338774230813111
  ],
  "metric_name": "matthews_correlation",
  "subset": "cola",
  "p_logits": [
    -2.0,
    -1.5,
    -1.0,
    -0.5,
    0.0,
    3.0
  ],
  "xs_forward": [
    0.12603720492206785,
    0.1864932176754493,
    0.22703982351444923,
    0.24660964818790274,
    0.3226193380334488,
    0.39100487977245507,
    0.4869606092703946,
    0.5877513739302412,
    0.7160444099007336
  ],
  "ys_forward": [
    0.07020916571551028,
    0.19029029188041677,
    0.3289923586584183,
    0.4168016962756899,
    0.4827605792030205,
    0.47826954588456344,
    0.4855357738917488,
    0.5162458987125488,
    0.5259287977773666
  ],
  "xs_sparse": [
    0.11597503462684045,
    0.17496589994561498,
    0.21699807678120658,
    0.23824182307842803,
    0.31863852645620966,
    0.3888651064253668,
    0.48538232178606516,
    0.5873031902089545,
    0.7159878398758759
  ],
  "ys_sparse": [
    0.09290804541068108,
    0.3191800954230541,
    0.43651103501989164,
    0.42868207445218875,
    0.5135566841640817,
    0.5160691863640823,
    0.5285257385527052,
    0.5365007161029405,
    0.5338774230813111
  ],
  "xs_bert": [
    0.09630373865365982,
    0.7160444099007336
  ],
  "ys_bert": [
    0.5338774230813111,
    0.5338774230813111
  ],
  "xs_absatt": [
    0.12603720492206785,
    0.1864932176754493,
    0.22703982351444923,
    0.24660964818790274,
    0.3226193380334488,
    0.39100487977245507,
    0.4869606092703946,
    0.5877513739302412,
    0.7160444099007336
  ],
  "ys_absatt": [
    0.1766619570140954,
    0.37745341952598954,
    0.4561082124920514,
    0.47357366385150496,
    0.5261643004428046,
    0.5313208986648889,
    0.5338269593815457,
    0.5365007161029405,
    0.5338774230813111
  ]
}