{
  "occupies": [
    0.04825414717197418,
    0.10996080189943314,
    0.19055435061454773,
    0.19110819697380066,
    0.19104868173599243,
    0.19120807945728302
  ],
  "flopses": [
    4.075453758239746,
    6.103806972503662,
    8.786884307861328,
    8.806002616882324,
    8.803641319274902,
    8.809407234191895
  ],
  "metrics": [
    0.7910341314314824,
    0.8184411614875191,
    0.8289353031074885,
    0.8277126846663271,
    0.8290371879775853,
    0.8285277636271013
  ],
  "occupies_no_train": [
    0.029349053278565407,
    0.03621041402220726,
    0.049831993877887726,
    0.07980835437774658,
    0.13854554295539856,
    0.19120807945728302
  ],
  "flopses_no_train": [
    3.458359479904175,
    3.683218479156494,
    4.122209072113037,
    5.031805992126465,
    6.948572635650635,
    8.809407234191895
  ],
  "metrics_no_train": [
    0.540601120733571,
    0.57809475292919,
    0.5985736118186449,
    0.6707080998471727,
    0.7909322465613856,
    0.8420784513499745
  ],
  "metric_name": "acc",
  "subset": "mnli",
  "p_logits": [
    -2.0,
    -1.5,
    -1.0,
    -0.5,
    0.0,
    3.0
  ],
  "xs_forward": [
    0.08079032069861272,
    0.1289125999568272,
    0.16811968605696795,
    0.2062772577486858,
    0.2874408014096852,
    0.3743852226893788,
    0.46489753053910826,
    0.5801595142168985,
    0.6944728943889679
  ],
  "ys_forward": [
    0.5486500254712176,
    0.6855832908813041,
    0.7556800815078961,
    0.79174732552216,
    0.8260825267447784,
    0.8374936321956189,
    0.8404482934284259,
    0.8415690269994905,
    0.8422822210901681
  ],
  "xs_sparse": [
    0.07763534034590935,
    0.12625128887704398,
    0.1665996083051004,
    0.20553353130447627,
    0.2872253290262745,
    0.3743154632698931,
    0.4648828759930646,
    0.5801653293458273,
    0.6944774139088002
  ],
  "ys_sparse": [
    0.7203260315843097,
    0.8040753948038716,
    0.828731533367295,
    0.8369842078451349,
    0.8411614875191035,
    0.8424859908303617,
    0.8422822210901681,
    0.8422822210901681,
    0.8421803362200713
  ],
  "xs_bert": [
    0.029349053278565407,
    0.6944774139088002
  ],
  "ys_bert": [
    0.8420784513499745,
    0.8420784513499745
  ],
  "xs_absatt": [
    0.08079032069861272,
    0.1289125999568272,
    0.16811968605696795,
    0.2062772577486858,
    0.2874408014096852,
    0.3743852226893788,
    0.46489753053910826,
    0.5801595142168985,
    0.6944728943889679
  ],
  "ys_absatt": [
    0.7377483443708609,
    0.8154865002547121,
    0.8333163525216505,
    0.8390219052470708,
    0.8417727967396842,
    0.8421803362200713,
    0.8420784513499745,
    0.8421803362200713,
    0.8421803362200713
  ]
}