{
  "occupies": [
    0.08714901655912399,
    0.10398197919130325,
    0.14071688055992126,
    0.23750849068164825,
    0.29725968837738037,
    0.3309932053089142
  ],
  "flopses": [
    2.809044599533081,
    3.107551097869873,
    3.718256711959839,
    5.462534427642822,
    6.605706691741943,
    7.272175312042236
  ],
  "metrics": [
    0.5211267605633803,
    0.5633802816901409,
    0.5633802816901409,
    0.5492957746478874,
    0.5633802816901409,
    0.5633802816901409
  ],
  "occupies_no_train": [
    0.08775945007801056,
    0.1099139153957367,
    0.1615418642759323,
    0.23724712431430817,
    0.29779893159866333,
    0.3310135304927826
  ],
  "flopses_no_train": [
    2.8203132152557373,
    3.2156894207000732,
    4.107010364532471,
    5.457423686981201,
    6.616292476654053,
    7.27257776260376
  ],
  "metrics_no_train": [
    0.5633802816901409,
    0.5633802816901409,
    0.5633802816901409,
    0.5633802816901409,
    0.5633802816901409,
    0.5633802816901409
  ],
  "metric_name": "acc",
  "subset": "wnli",
  "p_logits": [
    -2.0,
    -1.5,
    -1.0,
    -0.5,
    0.0,
    1.0
  ],
  "xs_forward": [
    0.12170458649331932,
    0.17133570654697497,
    0.21525047722230922,
    0.2503327658257241,
    0.3200433369447451,
    0.39288035907754043,
    0.4806170355466055,
    0.5871536913790436,
    0.6972398493525245
  ],
  "ys_forward": [
    0.5633802816901409,
    0.5492957746478874,
    0.5633802816901409,
    0.5633802816901409,
    0.5633802816901409,
    0.5492957746478874,
    0.5633802816901409,
    0.5633802816901409,
    0.5633802816901409
  ],
  "xs_sparse": [
    0.1168240210493738,
    0.16687819223030578,
    0.21030800185729895,
    0.2483929216323585,
    0.32047670639219905,
    0.3928390857968304,
    0.4809265851519295,
    0.5869576432956713,
    0.6976319455192684
  ],
  "ys_sparse": [
    0.5492957746478874,
    0.5633802816901409,
    0.5633802816901409,
    0.5633802816901409,
    0.5633802816901409,
    0.5633802816901409,
    0.5633802816901409,
    0.5633802816901409,
    0.5633802816901409
  ],
  "xs_bert": [
    0.08714901655912399,
    0.6976319455192684
  ],
  "ys_bert": [
    0.5633802816901409,
    0.5633802816901409
  ],
  "xs_absatt": [
    0.12170458649331932,
    0.17133570654697497,
    0.21525047722230922,
    0.2503327658257241,
    0.3200433369447451,
    0.39288035907754043,
    0.4806170355466055,
    0.5871536913790436,
    0.6972398493525245
  ],
  "ys_absatt": [
    0.5633802816901409,
    0.5492957746478874,
    0.5633802816901409,
    0.5633802816901409,
    0.5633802816901409,
    0.5633802816901409,
    0.5633802816901409,
    0.5633802816901409,
    0.5633802816901409
  ],
  "dump": {
    "args_list": [
      [
        0,
        "wnli",
        4,
        -1,
        -2.0,
        1.0,
        1.0,
        0.75
      ],
      [
        1,
        "wnli",
        4,
        -1,
        -1.5,
        2.0,
        1.0,
        1.5
      ],
      [
        2,
        "wnli",
        4,
        -1,
        -1.0,
        2.0,
        1.0,
        1.0
      ],
      [
        3,
        "wnli",
        4,
        -1,
        -0.5,
        0.5,
        1.0,
        1.5
      ],
      [
        4,
        "wnli",
        4,
        -1,
        0.0,
        0.5,
        1.0,
        1.5
      ],
      [
        5,
        "wnli",
        4,
        -1,
        1.0,
        0.5,
        1.0,
        0.75
      ]
    ]
  }
}