{
  "occupies": [
    0.08466621488332748,
    0.11129757016897202,
    0.1765296906232834,
    0.24227023124694824,
    0.3054470717906952,
    0.33117637038230896
  ],
  "flopses": [
    2.765195369720459,
    3.238631010055542,
    4.3766865730285645,
    5.543850421905518,
    6.767442226409912,
    7.275776386260986
  ],
  "metrics": [
    0.5633802816901409,
    0.5633802816901409,
    0.5633802816901409,
    0.5633802816901409,
    0.5633802816901409,
    0.5492957746478874
  ],
  "occupies_no_train": [
    0.08879733830690384,
    0.1128544881939888,
    0.1684609055519104,
    0.24543149769306183,
    0.30562344193458557,
    0.33117637038230896
  ],
  "flopses_no_train": [
    2.8392343521118164,
    3.2677860260009766,
    4.225010395050049,
    5.604727745056152,
    6.770901203155518,
    7.275776386260986
  ],
  "metrics_no_train": [
    0.5633802816901409,
    0.5633802816901409,
    0.5492957746478874,
    0.5633802816901409,
    0.5633802816901409,
    0.5633802816901409
  ],
  "metric_name": "acc",
  "subset": "wnli",
  "p_logits": [
    -2.0,
    -1.5,
    -1.0,
    -0.5,
    0.0,
    3.0
  ],
  "xs_forward": [
    0.12170458649331932,
    0.17133570654697497,
    0.21525047722230922,
    0.2503327658257241,
    0.3200433369447451,
    0.39288035907754043,
    0.4806170355466055,
    0.5871536913790436,
    0.6972398493525245
  ],
  "ys_forward": [
    0.5633802816901409,
    0.5492957746478874,
    0.5633802816901409,
    0.5633802816901409,
    0.5633802816901409,
    0.5492957746478874,
    0.5633802816901409,
    0.5633802816901409,
    0.5633802816901409
  ],
  "xs_sparse": [
    0.1168240210493738,
    0.16687819223030578,
    0.21030800185729895,
    0.2483929216323585,
    0.32047670639219905,
    0.3928390857968304,
    0.4809265851519295,
    0.5869576432956713,
    0.6976319455192684
  ],
  "ys_sparse": [
    0.5492957746478874,
    0.5633802816901409,
    0.5633802816901409,
    0.5633802816901409,
    0.5633802816901409,
    0.5633802816901409,
    0.5633802816901409,
    0.5633802816901409,
    0.5633802816901409
  ],
  "xs_bert": [
    0.08466621488332748,
    0.6976319455192684
  ],
  "ys_bert": [
    0.5633802816901409,
    0.5633802816901409
  ],
  "xs_absatt": [
    0.12170458649331932,
    0.17133570654697497,
    0.21525047722230922,
    0.2503327658257241,
    0.3200433369447451,
    0.39288035907754043,
    0.4806170355466055,
    0.5871536913790436,
    0.6972398493525245
  ],
  "ys_absatt": [
    0.5633802816901409,
    0.5492957746478874,
    0.5633802816901409,
    0.5633802816901409,
    0.5633802816901409,
    0.5633802816901409,
    0.5633802816901409,
    0.5633802816901409,
    0.5633802816901409
  ]
}