{
  "occupies": [
    0.044650349766016006,
    0.06064842268824577,
    0.0970112755894661,
    0.15921659767627716,
    0.2255212962627411,
    0.2494358867406845
  ],
  "metrics": [
    0.6498194945848376,
    0.6498194945848376,
    0.6462093862815884,
    0.7148014440433214,
    0.7148014440433214,
    0.7220216606498195
  ],
  "occupies_no_train": [
    0.0413990244269371,
    0.05764992535114288,
    0.08528707921504974,
    0.12887915968894958,
    0.19472433626651764,
    0.2494358867406845
  ],
  "metrics_no_train": [
    0.6137184115523465,
    0.6750902527075813,
    0.703971119133574,
    0.6931407942238267,
    0.6967509025270758,
    0.7256317689530686
  ],
  "metric_name": "acc",
  "subset": "rte",
  "p_logits": [
    -2.0,
    -1.5,
    -1.0,
    -0.5,
    0.0,
    3.0
  ],
  "xs_forward": [
    0.08626830711275799,
    0.1388042188544458,
    0.17697762918293466,
    0.21593913855725666,
    0.2996082555021533,
    0.3879598662207477,
    0.472196458383884,
    0.5833041546430484,
    0.6942000081224793
  ],
  "ys_forward": [
    0.555956678700361,
    0.628158844765343,
    0.6353790613718412,
    0.6714801444043321,
    0.7256317689530686,
    0.7184115523465704,
    0.7292418772563177,
    0.7436823104693141,
    0.7364620938628159
  ],
  "xs_sparse": [
    0.08157373939825602,
    0.13420294977350325,
    0.17266064652660196,
    0.21260673089271825,
    0.2968817401402587,
    0.38644733072610615,
    0.4717003291795452,
    0.5830846284464387,
    0.6941824460267507
  ],
  "ys_sparse": [
    0.6787003610108303,
    0.7256317689530686,
    0.7256317689530686,
    0.7184115523465704,
    0.7184115523465704,
    0.7220216606498195,
    0.7256317689530686,
    0.7220216606498195,
    0.7256317689530686
  ],
  "xs_bert": [
    0.0413990244269371,
    0.6942000081224793
  ],
  "ys_bert": [
    0.7256317689530686,
    0.7256317689530686
  ],
  "xs_absatt": [
    0.08626830711275799,
    0.1388042188544458,
    0.17697762918293466,
    0.21593913855725666,
    0.2996082555021533,
    0.3879598662207477,
    0.472196458383884,
    0.5833041546430484,
    0.6942000081224793
  ],
  "ys_absatt": [
    0.6534296028880866,
    0.7075812274368231,
    0.7075812274368231,
    0.7292418772563177,
    0.7256317689530686,
    0.7256317689530686,
    0.7256317689530686,
    0.7256317689530686,
    0.7256317689530686
  ]
}