{
  "occupies": [
    0.043718356639146805,
    0.05267639085650444,
    0.18925857543945312,
    0.19122901558876038,
    0.19122901558876038,
    0.19122901558876038
  ],
  "metrics": [
    0.7907284768211921,
    0.8,
    0.8261844116148752,
    0.829240957717779,
    0.8343352012226184,
    0.8374936321956189
  ],
  "occupies_no_train": [
    0.029346276074647903,
    0.03620892018079758,
    0.04982622340321541,
    0.07981555163860321,
    0.13854745030403137,
    0.19122901558876038
  ],
  "metrics_no_train": [
    0.5414161996943454,
    0.5782985226693836,
    0.5984717269485481,
    0.6709118695873663,
    0.7908303616912888,
    0.8420784513499745
  ],
  "metric_name": "acc",
  "subset": "mnli",
  "p_logits": [
    -2.0,
    -1.5,
    -1.0,
    -0.5,
    0.0,
    3.0
  ],
  "xs_forward": [
    0.08079032069861272,
    0.1289125999568272,
    0.16811968605696795,
    0.2062772577486858,
    0.2874408014096852,
    0.3743852226893788,
    0.46489753053910826,
    0.5801595142168985,
    0.6944728943889679
  ],
  "ys_forward": [
    0.5486500254712176,
    0.6855832908813041,
    0.7556800815078961,
    0.79174732552216,
    0.8260825267447784,
    0.8374936321956189,
    0.8404482934284259,
    0.8415690269994905,
    0.8422822210901681
  ],
  "xs_sparse": [
    0.07763534034590935,
    0.12625128887704398,
    0.1665996083051004,
    0.20553353130447627,
    0.2872253290262745,
    0.3743154632698931,
    0.4648828759930646,
    0.5801653293458273,
    0.6944774139088002
  ],
  "ys_sparse": [
    0.7203260315843097,
    0.8040753948038716,
    0.828731533367295,
    0.8369842078451349,
    0.8411614875191035,
    0.8424859908303617,
    0.8422822210901681,
    0.8422822210901681,
    0.8421803362200713
  ],
  "xs_bert": [
    0.029346276074647903,
    0.6944774139088002
  ],
  "ys_bert": [
    0.8420784513499745,
    0.8420784513499745
  ],
  "xs_absatt": [
    0.08079032069861272,
    0.1289125999568272,
    0.16811968605696795,
    0.2062772577486858,
    0.2874408014096852,
    0.3743852226893788,
    0.46489753053910826,
    0.5801595142168985,
    0.6944728943889679
  ],
  "ys_absatt": [
    0.7377483443708609,
    0.8154865002547121,
    0.8333163525216505,
    0.8390219052470708,
    0.8417727967396842,
    0.8421803362200713,
    0.8420784513499745,
    0.8421803362200713,
    0.8421803362200713
  ]
}