{
  "occupies": [
    0.07778117805719376,
    0.10704967379570007,
    0.1898585706949234,
    0.29094943404197693,
    0.3291885256767273,
    0.3593694865703583
  ],
  "flopses": [
    2.0067639350891113,
    2.4127840995788574,
    3.5824763774871826,
    4.996249675750732,
    5.523611068725586,
    5.977280139923096
  ],
  "metrics": [
    0.8159320904415842,
    0.825160466070587,
    0.8338741080255373,
    0.8811182416948629,
    0.883401351986716,
    0.8865084471308328
  ],
  "occupies_no_train": [
    0.062216199934482574,
    0.07843483984470367,
    0.11599455773830414,
    0.18939176201820374,
    0.2920670509338379,
    0.3593694865703583
  ],
  "flopses_no_train": [
    1.7956584692001343,
    2.0219810009002686,
    2.5344042778015137,
    3.513004779815674,
    4.962538242340088,
    5.977280139923096
  ],
  "metrics_no_train": [
    -0.018617580696529034,
    0.037608334117441904,
    0.15429900348248596,
    0.5742140640614523,
    0.8432727182170838,
    0.8804623807976125
  ],
  "metric_name": "pearson",
  "subset": "stsb",
  "p_logits": [
    -2.0,
    -1.5,
    -1.0,
    -0.5,
    0.0,
    3.0
  ],
  "xs_forward": [
    0.10102561835453423,
    0.165621981908451,
    0.22020700990726977,
    0.2598030333945343,
    0.33755480740889426,
    0.4126207123263066,
    0.4837588474008424,
    0.5887738330046918,
    0.7014157428190587
  ],
  "ys_forward": [
    0.7204517820129422,
    0.8003974973202393,
    0.850193688140594,
    0.8569254554161625,
    0.8664550465376143,
    0.8727633395344322,
    0.8760566000579179,
    0.8782709770790468,
    0.8792131391514304
  ],
  "xs_sparse": [
    0.09244591806661123,
    0.15392455054523288,
    0.20876576208936734,
    0.2510043301820409,
    0.33153179623203755,
    0.4094243124986055,
    0.4822529642477459,
    0.5884631027682323,
    0.7013978779842188
  ],
  "ys_sparse": [
    0.2398217483837926,
    0.6306543141359232,
    0.7663743607878158,
    0.8252463061699125,
    0.865905772472542,
    0.8762159884229744,
    0.8794230163049134,
    0.8801520817813447,
    0.8804389032600941
  ],
  "xs_bert": [
    0.062216199934482574,
    0.7014157428190587
  ],
  "ys_bert": [
    0.8804623774552178,
    0.8804623774552178
  ],
  "xs_absatt": [
    0.10102561835453423,
    0.165621981908451,
    0.22020700990726977,
    0.2598030333945343,
    0.33755480740889426,
    0.4126207123263066,
    0.4837588474008424,
    0.5887738330046918,
    0.7014157428190587
  ],
  "ys_absatt": [
    0.30164758584944407,
    0.6547571110035566,
    0.7948524588919961,
    0.8391132315112124,
    0.8735939944540311,
    0.8785774747124415,
    0.8799745966194604,
    0.8803754040769398,
    0.8804608830569567
  ]
}