{
  "occupies": [
    0.04244222119450569,
    0.057446930557489395,
    0.08617352694272995,
    0.1386873722076416,
    0.20084148645401,
    0.24891753494739532
  ],
  "flopses": [
    5.210894584655762,
    5.864945888519287,
    7.089184761047363,
    9.352378845214844,
    12.117517471313477,
    14.4287748336792
  ],
  "metrics": [
    0.6173285198555957,
    0.6750902527075813,
    0.6859205776173285,
    0.6895306859205776,
    0.7220216606498195,
    0.7364620938628159
  ],
  "occupies_no_train": [
    0.0406821146607399,
    0.05560404434800148,
    0.08165627717971802,
    0.12251875549554825,
    0.18451999127864838,
    0.2481466680765152
  ],
  "flopses_no_train": [
    5.134644031524658,
    5.7848100662231445,
    6.889143466949463,
    8.61159610748291,
    11.338593482971191,
    14.391803741455078
  ],
  "metrics_no_train": [
    0.6101083032490975,
    0.6606498194945848,
    0.6967509025270758,
    0.6895306859205776,
    0.7148014440433214,
    0.7220216606498195
  ],
  "metric_name": "acc",
  "subset": "rte",
  "p_logits": [
    -2.0,
    -1.5,
    -1.0,
    -0.5,
    0.0,
    1.0
  ],
  "xs_forward": [
    0.08626830711275799,
    0.1388042188544458,
    0.17697762918293466,
    0.21593913855725666,
    0.2996082555021533,
    0.3879598662207477,
    0.472196458383884,
    0.5833041546430484,
    0.6942000081224793
  ],
  "ys_forward": [
    0.555956678700361,
    0.628158844765343,
    0.6353790613718412,
    0.6714801444043321,
    0.7256317689530686,
    0.7184115523465704,
    0.7292418772563177,
    0.7436823104693141,
    0.7364620938628159
  ],
  "xs_sparse": [
    0.08157373939825602,
    0.13420294977350325,
    0.17266064652660196,
    0.21260673089271825,
    0.2968817401402587,
    0.38644733072610615,
    0.4717003291795452,
    0.5830846284464387,
    0.6941824460267507
  ],
  "ys_sparse": [
    0.6787003610108303,
    0.7256317689530686,
    0.7256317689530686,
    0.7184115523465704,
    0.7184115523465704,
    0.7220216606498195,
    0.7256317689530686,
    0.7220216606498195,
    0.7256317689530686
  ],
  "xs_bert": [
    0.0406821146607399,
    0.6942000081224793
  ],
  "ys_bert": [
    0.7256317689530686,
    0.7256317689530686
  ],
  "xs_absatt": [
    0.08626830711275799,
    0.1388042188544458,
    0.17697762918293466,
    0.21593913855725666,
    0.2996082555021533,
    0.3879598662207477,
    0.472196458383884,
    0.5833041546430484,
    0.6942000081224793
  ],
  "ys_absatt": [
    0.6534296028880866,
    0.7075812274368231,
    0.7075812274368231,
    0.7292418772563177,
    0.7256317689530686,
    0.7256317689530686,
    0.7256317689530686,
    0.7256317689530686,
    0.7256317689530686
  ],
  "dump": {
    "args_list": [
      [
        0,
        "rte",
        4,
        -1,
        -2.0,
        2.0,
        1.0,
        1.5
      ],
      [
        1,
        "rte",
        4,
        -1,
        -1.5,
        0.5,
        1.0,
        1.5
      ],
      [
        2,
        "rte",
        4,
        -1,
        -1.0,
        0.5,
        1.0,
        1.5
      ],
      [
        3,
        "rte",
        4,
        -1,
        -0.5,
        0.5,
        1.0,
        0.75
      ],
      [
        4,
        "rte",
        4,
        -1,
        0.0,
        0.5,
        1.0,
        1.0
      ],
      [
        5,
        "rte",
        4,
        -1,
        1.0,
        0.5,
        1.0,
        1.0
      ]
    ]
  }
}