{
  "occupies": [
    0.1906978040933609,
    0.24625733494758606,
    0.32456156611442566,
    0.3727641701698303,
    0.40651267766952515,
    0.4229623079299927
  ],
  "metrics": [
    0.7809633027522935,
    0.8497706422018348,
    0.8795871559633027,
    0.9151376146788991,
    0.9231651376146789,
    0.9197247706422018
  ],
  "metric_name": "acc",
  "subset": "sst2",
  "p_logits": [
    -2,
    -1.5,
    -1,
    -0.5,
    0,
    3
  ],
  "xs_forward": [
    0.12198145890806776,
    0.18487842432797677,
    0.235409315455189,
    0.2673173157118185,
    0.3560483094887156,
    0.4214714184897688,
    0.5011002758710097,
    0.6014226599089942,
    0.7099906973761597
  ],
  "ys_forward": [
    0.6788990825688074,
    0.7706422018348624,
    0.805045871559633,
    0.8211009174311926,
    0.8600917431192661,
    0.8922018348623854,
    0.9059633027522935,
    0.9151376146788991,
    0.9231651376146789
  ],
  "xs_sparse": [
    0.10889042150510084,
    0.167540257907247,
    0.21737345223583598,
    0.25081798935010413,
    0.345720792968543,
    0.4170558798999195,
    0.4996278950408302,
    0.601121126579938,
    0.7098367229102588
  ],
  "ys_sparse": [
    0.8314220183486238,
    0.8795871559633027,
    0.8944954128440367,
    0.9025229357798165,
    0.9208715596330275,
    0.9208715596330275,
    0.9243119266055045,
    0.9243119266055045,
    0.9243119266055045
  ],
  "xs_bert": [
    0.10889042150510084,
    0.7099906973761597
  ],
  "ys_bert": [
    0.9243119266055045,
    0.9243119266055045
  ],
  "xs_absatt": [
    0.12198145890806776,
    0.18487842432797677,
    0.235409315455189,
    0.2673173157118185,
    0.3560483094887156,
    0.4214714184897688,
    0.5011002758710097,
    0.6014226599089942,
    0.7099906973761597
  ],
  "ys_absatt": [
    0.8348623853211009,
    0.8841743119266054,
    0.9036697247706422,
    0.9208715596330275,
    0.9208715596330275,
    0.9243119266055045,
    0.9231651376146789,
    0.9243119266055045,
    0.9243119266055045
  ]
}