{
  "occupies": [
    0.08393508940935135,
    0.11451900750398636,
    0.16580872237682343,
    0.2654532790184021,
    0.31228524446487427,
    0.3307429552078247
  ],
  "metrics": [
    0.43661971830985913,
    0.30985915492957744,
    0.36619718309859156,
    0.2535211267605634,
    0.29577464788732394,
    0.5633802816901409
  ],
  "occupies_no_train": [
    0.08846699446439743,
    0.11411567032337189,
    0.17188431322574615,
    0.24631084501743317,
    0.30507588386535645,
    0.3307429552078247
  ],
  "metrics_no_train": [
    0.5633802816901409,
    0.5633802816901409,
    0.5492957746478874,
    0.5633802816901409,
    0.5633802816901409,
    0.5633802816901409
  ],
  "metric_name": "acc",
  "subset": "wnli",
  "p_logits": [
    -2.0,
    -1.5,
    -1.0,
    -0.5,
    0.0,
    3.0
  ],
  "xs_forward": [
    0.12170458649331932,
    0.17133570654697497,
    0.21525047722230922,
    0.2503327658257241,
    0.3200433369447451,
    0.39288035907754043,
    0.4806170355466055,
    0.5871536913790436,
    0.6972398493525245
  ],
  "ys_forward": [
    0.5633802816901409,
    0.5492957746478874,
    0.5633802816901409,
    0.5633802816901409,
    0.5633802816901409,
    0.5492957746478874,
    0.5633802816901409,
    0.5633802816901409,
    0.5633802816901409
  ],
  "xs_sparse": [
    0.1168240210493738,
    0.16687819223030578,
    0.21030800185729895,
    0.2483929216323585,
    0.32047670639219905,
    0.3928390857968304,
    0.4809265851519295,
    0.5869576432956713,
    0.6976319455192684
  ],
  "ys_sparse": [
    0.5492957746478874,
    0.5633802816901409,
    0.5633802816901409,
    0.5633802816901409,
    0.5633802816901409,
    0.5633802816901409,
    0.5633802816901409,
    0.5633802816901409,
    0.5633802816901409
  ],
  "xs_bert": [
    0.08393508940935135,
    0.6976319455192684
  ],
  "ys_bert": [
    0.5633802816901409,
    0.5633802816901409
  ],
  "xs_absatt": [
    0.12170458649331932,
    0.17133570654697497,
    0.21525047722230922,
    0.2503327658257241,
    0.3200433369447451,
    0.39288035907754043,
    0.4806170355466055,
    0.5871536913790436,
    0.6972398493525245
  ],
  "ys_absatt": [
    0.5633802816901409,
    0.5492957746478874,
    0.5633802816901409,
    0.5633802816901409,
    0.5633802816901409,
    0.5633802816901409,
    0.5633802816901409,
    0.5633802816901409,
    0.5633802816901409
  ]
}