{
  "occupies": [
    0.10266523319401892,
    0.13198664494499363,
    0.19124412246689,
    0.28597392529518895,
    0.3272825556036034,
    0.3354648841519701
  ],
  "flopses": [
    0.6532305233618793,
    0.807632169302772,
    1.116381080711589,
    1.656803053968093,
    1.907331291367026,
    1.9565751973320455
  ],
  "metrics": [
    0.32493888732834025,
    0.31692597025661906,
    0.4411215655571869,
    0.4793045565196024,
    0.5578770438298012,
    0.5676052483913692
  ],
  "occupies_no_train": [
    0.10538520320103718,
    0.12550091338912825,
    0.1592198984857598,
    0.20505134960240368,
    0.2657809782419269,
    0.3354648841519701
  ],
  "flopses_no_train": [
    0.67572021484375,
    0.784254649106194,
    0.9606277066118577,
    1.1950875450583065,
    1.5368824145373177,
    1.9565751973320455
  ],
  "metrics_no_train": [
    0.19393010230075577,
    0.17788916908203056,
    0.1342028772776253,
    0.16406251430114954,
    0.3149003723006507,
    0.5338774230813111
  ],
  "metric_name": "matthews_correlation",
  "subset": "cola",
  "p_logits": [
    -2.0,
    -1.5,
    -1.0,
    -0.5,
    0.0,
    3.0
  ],
  "xs_forward": [
    0.12603720492206785,
    0.1864932176754493,
    0.22703982351444923,
    0.24660964818790274,
    0.3226193380334488,
    0.39100487977245507,
    0.4869606092703946,
    0.5877513739302412,
    0.7160444099007336
  ],
  "ys_forward": [
    0.07020916571551028,
    0.19029029188041677,
    0.3289923586584183,
    0.4168016962756899,
    0.4827605792030205,
    0.47826954588456344,
    0.4855357738917488,
    0.5162458987125488,
    0.5259287977773666
  ],
  "xs_sparse": [
    0.11403657924786666,
    0.17359638665044344,
    0.21588142663439203,
    0.23779428772418926,
    0.31855958776822807,
    0.38855210723339517,
    0.4855431168137386,
    0.5871329938590989,
    0.7158951233881464
  ],
  "ys_sparse": [
    0.0820815354201135,
    0.2849716625548215,
    0.40524330969588707,
    0.4454653830537704,
    0.5248549558132585,
    0.5160691863640823,
    0.5338269593815457,
    0.5338774230813111,
    0.5338774230813111
  ],
  "xs_bert": [
    0.10266523319401892,
    0.7160444099007336
  ],
  "ys_bert": [
    0.5338774230813111,
    0.5338774230813111
  ],
  "xs_absatt": [
    0.12603720492206785,
    0.1864932176754493,
    0.22703982351444923,
    0.24660964818790274,
    0.3226193380334488,
    0.39100487977245507,
    0.4869606092703946,
    0.5877513739302412,
    0.7160444099007336
  ],
  "ys_absatt": [
    0.1766619570140954,
    0.37745341952598954,
    0.4561082124920514,
    0.47357366385150496,
    0.5261643004428046,
    0.5313208986648889,
    0.5338269593815457,
    0.5365007161029405,
    0.5338774230813111
  ]
}