{
  "occupies": [
    0.05401372164487839,
    0.1680162101984024,
    0.18971844017505646,
    0.19073382019996643,
    0.19122891128063202,
    0.19122977554798126
  ],
  "metrics": [
    0.7911360163015793,
    0.8223127865511971,
    0.8286296484971981,
    0.8302598064187469,
    0.8298522669383597,
    0.8299541518084564
  ],
  "occupies_no_train": [
    0.029346687719225883,
    0.036209192126989365,
    0.04982922598719597,
    0.07980910688638687,
    0.1385514885187149,
    0.19122977554798126
  ],
  "metrics_no_train": [
    0.540601120733571,
    0.57809475292919,
    0.5985736118186449,
    0.6707080998471727,
    0.7909322465613856,
    0.8420784513499745
  ],
  "metric_name": "acc",
  "subset": "mnli",
  "p_logits": [
    -2,
    -1.5,
    -1,
    -0.5,
    0,
    3
  ],
  "xs_forward": [
    0.0807838030164315,
    0.12891094663264663,
    0.16811644888148775,
    0.20627970560229,
    0.2874377145710945,
    0.37438652597628924,
    0.46489739599007895,
    0.5801602959194772,
    0.694472866097254
  ],
  "ys_forward": [
    0.5485481406011208,
    0.686092715231788,
    0.7553744268976057,
    0.79174732552216,
    0.8259806418746816,
    0.8374936321956189,
    0.8404482934284259,
    0.8414671421293938,
    0.8421803362200713
  ],
  "xs_sparse": [
    0.07763184208362126,
    0.12625727035166598,
    0.16660175665940827,
    0.2055323084923402,
    0.2872247719391706,
    0.3743159191554006,
    0.46488353997107623,
    0.5801652441481875,
    0.6944774487412344
  ],
  "ys_sparse": [
    0.7205298013245033,
    0.8039735099337748,
    0.829240957717779,
    0.8367804381049414,
    0.8411614875191035,
    0.8424859908303617,
    0.8422822210901681,
    0.8422822210901681,
    0.8421803362200713
  ],
  "xs_bert": [
    0.029346687719225883,
    0.6944774487412344
  ],
  "ys_bert": [
    0.8420784513499745,
    0.8420784513499745
  ],
  "xs_absatt": [
    0.0807838030164315,
    0.12891094663264663,
    0.16811644888148775,
    0.20627970560229,
    0.2874377145710945,
    0.37438652597628924,
    0.46489739599007895,
    0.5801602959194772,
    0.694472866097254
  ],
  "ys_absatt": [
    0.7379521141110545,
    0.8150789607743251,
    0.8335201222618441,
    0.8390219052470708,
    0.8416709118695873,
    0.8421803362200713,
    0.8420784513499745,
    0.8421803362200713,
    0.8421803362200713
  ]
}