{
  "occupies": [
    0.04935746267437935,
    0.09434153884649277,
    0.1694251298904419,
    0.18881550431251526,
    0.18437409400939941,
    0.18956491351127625
  ],
  "flopses": [
    4.111858367919922,
    5.590095043182373,
    8.075024604797363,
    8.725111961364746,
    8.564367294311523,
    8.751030921936035
  ],
  "metrics": [
    0.786856851757514,
    0.7940906775343861,
    0.829240957717779,
    0.8310748853795211,
    0.8327050433010698,
    0.8321956189505858
  ],
  "occupies_no_train": [
    0.028905248269438744,
    0.03528657183051109,
    0.04771449416875839,
    0.07425869256258011,
    0.12800051271915436,
    0.18813194334506989
  ],
  "flopses_no_train": [
    3.443682909011841,
    3.653007984161377,
    4.055602073669434,
    4.864040374755859,
    6.586647033691406,
    8.700149536132812
  ],
  "metrics_no_train": [
    0.5316352521650535,
    0.5755476311767702,
    0.5942944472745797,
    0.658380030565461,
    0.7740193581253184,
    0.8412633723892002
  ],
  "metric_name": "acc",
  "subset": "mnli",
  "p_logits": [
    -2.0,
    -1.5,
    -1.0,
    -0.5,
    0.0,
    1.0
  ],
  "xs_forward": [
    0.08079032069861272,
    0.1289125999568272,
    0.16811968605696795,
    0.2062772577486858,
    0.2874408014096852,
    0.3743852226893788,
    0.46489753053910826,
    0.5801595142168985,
    0.6944728943889679
  ],
  "ys_forward": [
    0.4768211920529801,
    0.6242485990830362,
    0.7137035150280183,
    0.7620988283239939,
    0.8133469179826796,
    0.8340295466123281,
    0.839429444727458,
    0.8410596026490066,
    0.8417727967396842
  ],
  "xs_sparse": [
    0.07763534034590935,
    0.12625128887704398,
    0.1665996083051004,
    0.20553361790445085,
    0.2872253290262745,
    0.3743154632698931,
    0.4648828759930646,
    0.5801653293458273,
    0.6944774139088002
  ],
  "ys_sparse": [
    0.7203260315843097,
    0.8040753948038716,
    0.828731533367295,
    0.8369842078451349,
    0.8411614875191035,
    0.8424859908303617,
    0.8422822210901681,
    0.8422822210901681,
    0.8421803362200713
  ],
  "xs_bert": [
    0.028905248269438744,
    0.6944774139088002
  ],
  "ys_bert": [
    0.8420784513499745,
    0.8420784513499745
  ],
  "xs_absatt": [
    0.08079032069861272,
    0.1289125999568272,
    0.16811968605696795,
    0.2062772577486858,
    0.2874408014096852,
    0.3743852226893788,
    0.46489753053910826,
    0.5801595142168985,
    0.6944728943889679
  ],
  "ys_absatt": [
    0.7377483443708609,
    0.8154865002547121,
    0.8333163525216505,
    0.8390219052470708,
    0.8417727967396842,
    0.8421803362200713,
    0.8420784513499745,
    0.8421803362200713,
    0.8421803362200713
  ],
  "dump": {
    "args_list": [
      [
        0,
        "mnli",
        4,
        -1,
        -2.0,
        2.0,
        1.0,
        1.5
      ],
      [
        1,
        "mnli",
        4,
        -1,
        -1.5,
        2.0,
        1.0,
        1.0
      ],
      [
        2,
        "mnli",
        4,
        -1,
        -1.0,
        1.0,
        1.0,
        1.5
      ],
      [
        3,
        "mnli",
        4,
        -1,
        -0.5,
        1.0,
        1.0,
        1.5
      ],
      [
        4,
        "mnli",
        4,
        -1,
        0.0,
        0.5,
        1.0,
        1.0
      ],
      [
        5,
        "mnli",
        4,
        -1,
        1.0,
        0.5,
        1.0,
        1.5
      ]
    ]
  }
}