{
  "occupies": [
    0.0780317634344101,
    0.12250054627656937,
    0.18464146554470062,
    0.2982710897922516,
    0.33553653955459595,
    0.3593694865703583
  ],
  "metrics": [
    0.8195981364754313,
    0.8254681722025963,
    0.8522129140300088,
    0.8864471908876378,
    0.8847032879514984,
    0.8860511282662056
  ],
  "occupies_no_train": [
    0.06219981238245964,
    0.07841850817203522,
    0.116024911403656,
    0.18940110504627228,
    0.29210591316223145,
    0.3593694865703583
  ],
  "metrics_no_train": [
    -0.018569990303527885,
    0.03749722047949093,
    0.1547357360440486,
    0.5743806603581494,
    0.8433469505440196,
    0.8804690043302938
  ],
  "metric_name": "pearson",
  "subset": "stsb",
  "p_logits": [
    -2.0,
    -1.5,
    -1.0,
    -0.5,
    0.0,
    3.0
  ],
  "xs_forward": [
    0.10099859439117077,
    0.1656267655127041,
    0.22017740143734302,
    0.2598228252737427,
    0.3375503185290741,
    0.4126252692194577,
    0.48376041170744655,
    0.5887751479290836,
    0.7014157428190587
  ],
  "ys_forward": [
    0.7186690233142895,
    0.8003090497005211,
    0.8502735184209986,
    0.8570101314983314,
    0.8666261563485048,
    0.8728630916724931,
    0.8760603046043436,
    0.878263893050538,
    0.879209509323348
  ],
  "xs_sparse": [
    0.09244335623115815,
    0.15393534199369013,
    0.20880165045682084,
    0.25102536897231037,
    0.331557482599899,
    0.4094321340316262,
    0.48226881135377875,
    0.5884637602304282,
    0.7014116846903331
  ],
  "ys_sparse": [
    0.2384159990934439,
    0.6300627869287448,
    0.7665284605585212,
    0.8255109205659112,
    0.8658847920997538,
    0.8762223789848664,
    0.8794299522692778,
    0.8801579444125046,
    0.8804460765884254
  ],
  "xs_bert": [
    0.06219981238245964,
    0.7014157428190587
  ],
  "ys_bert": [
    0.8804715519600302,
    0.8804715519600302
  ],
  "xs_absatt": [
    0.10099859439117077,
    0.1656267655127041,
    0.22017740143734302,
    0.2598228252737427,
    0.3375503185290741,
    0.4126252692194577,
    0.48376041170744655,
    0.5887751479290836,
    0.7014157428190587
  ],
  "ys_absatt": [
    0.30171001300055306,
    0.6550812242239442,
    0.79640085884471,
    0.8390707413159731,
    0.8736373556693877,
    0.8785652720668237,
    0.8799872237623109,
    0.8803787516375778,
    0.8804678578737443
  ]
}