{
  "occupies": [
    0.0758638083934784,
    0.10989793390035629,
    0.18947623670101166,
    0.2893662750720978,
    0.32804176211357117,
    0.3593694865703583
  ],
  "metrics": [
    0.8194487800453892,
    0.8198431147791974,
    0.8336554004612436,
    0.8758858995796981,
    0.886116320100675,
    0.8895271088351387
  ],
  "occupies_no_train": [
    0.06219981238245964,
    0.07841850817203522,
    0.116024911403656,
    0.18940110504627228,
    0.29210591316223145,
    0.3593694865703583
  ],
  "metrics_no_train": [
    -0.018569990303527885,
    0.03749722047949093,
    0.1547357360440486,
    0.5743806603581494,
    0.8433469505440196,
    0.8804690043302938
  ],
  "metric_name": "pearson",
  "subset": "stsb",
  "p_logits": [
    -2.0,
    -1.5,
    -1.0,
    -0.5,
    0.0,
    3.0
  ],
  "xs_forward": [
    0.10102561835453423,
    0.165621981908451,
    0.22020700990726977,
    0.2598030333945343,
    0.33755480740889426,
    0.4126207123263066,
    0.4837588474008424,
    0.5887738330046918,
    0.7014157428190587
  ],
  "ys_forward": [
    0.7204517820129422,
    0.8003974973202393,
    0.850193688140594,
    0.8569254554161625,
    0.8664550465376143,
    0.8727633395344322,
    0.8760566000579179,
    0.8782709770790468,
    0.8792131391514304
  ],
  "xs_sparse": [
    0.09244591806661123,
    0.15392455054523288,
    0.20876576208936734,
    0.2510043301820409,
    0.33153179623203755,
    0.4094243124986055,
    0.4822529642477459,
    0.5884631027682323,
    0.7013978779842188
  ],
  "ys_sparse": [
    0.2398217483837926,
    0.6306543141359232,
    0.7663743607878158,
    0.8252463061699125,
    0.865905772472542,
    0.8762159884229744,
    0.8794230163049134,
    0.8801520817813447,
    0.8804389032600941
  ],
  "xs_bert": [
    0.06219981238245964,
    0.7014157428190587
  ],
  "ys_bert": [
    0.8804623774552178,
    0.8804623774552178
  ],
  "xs_absatt": [
    0.10102561835453423,
    0.165621981908451,
    0.22020700990726977,
    0.2598030333945343,
    0.33755480740889426,
    0.4126207123263066,
    0.4837588474008424,
    0.5887738330046918,
    0.7014157428190587
  ],
  "ys_absatt": [
    0.30164758584944407,
    0.6547571110035566,
    0.7948524588919961,
    0.8391132315112124,
    0.8735939944540311,
    0.8785774747124415,
    0.8799745966194604,
    0.8803754040769398,
    0.8804608830569567
  ]
}