{
  "occupies": [
    0.07349538803100586,
    0.09510922431945801,
    0.20760256052017212,
    0.2831454873085022,
    0.32318922877311707,
    0.35750946402549744
  ],
  "flopses": [
    1.9478466510772705,
    2.247307062149048,
    3.8400585651397705,
    4.889752388000488,
    5.439892292022705,
    5.949229717254639
  ],
  "metrics": [
    0.8034908112678926,
    0.8138404536312003,
    0.8493543445228466,
    0.8771531902107208,
    0.8821651346749255,
    0.8875638115124027
  ],
  "occupies_no_train": [
    0.061165716499090195,
    0.07637883722782135,
    0.11006198078393936,
    0.17764241993427277,
    0.27577757835388184,
    0.3575972318649292
  ],
  "flopses_no_train": [
    1.7809739112854004,
    1.9934773445129395,
    2.454469680786133,
    3.3559954166412354,
    4.722071647644043,
    5.950464725494385
  ],
  "metrics_no_train": [
    -0.014619214637035853,
    0.047298391143117645,
    0.1393927783309805,
    0.5334470395287135,
    0.8235776095249147,
    0.8804471666229984
  ],
  "metric_name": "pearson",
  "subset": "stsb",
  "p_logits": [
    -2.0,
    -1.5,
    -1.0,
    -0.5,
    0.0,
    1.0
  ],
  "xs_forward": [
    0.10102561835453423,
    0.165621981908451,
    0.22020700990726977,
    0.2598030333945343,
    0.33755480740889426,
    0.4126207123263066,
    0.4837588474008424,
    0.5887738330046918,
    0.7014157428190587
  ],
  "ys_forward": [
    0.7204517820129422,
    0.8003974973202393,
    0.850193688140594,
    0.8569254554161625,
    0.8664550465376143,
    0.8727633395344322,
    0.8760566000579179,
    0.8782709770790468,
    0.8792131391514304
  ],
  "xs_sparse": [
    0.09244591806661123,
    0.15392455054523288,
    0.20876576208936734,
    0.2510043301820409,
    0.33153179623203755,
    0.4094243124986055,
    0.4822529642477459,
    0.5884631027682323,
    0.7013978779842188
  ],
  "ys_sparse": [
    0.2398217483837926,
    0.6306543141359232,
    0.7663743607878158,
    0.8252463061699125,
    0.865905772472542,
    0.8762159884229744,
    0.8794230163049134,
    0.8801520817813447,
    0.8804389032600941
  ],
  "xs_bert": [
    0.061165716499090195,
    0.7014157428190587
  ],
  "ys_bert": [
    0.8804623774552178,
    0.8804623774552178
  ],
  "xs_absatt": [
    0.10102561835453423,
    0.165621981908451,
    0.22020700990726977,
    0.2598030333945343,
    0.33755480740889426,
    0.4126207123263066,
    0.4837588474008424,
    0.5887738330046918,
    0.7014157428190587
  ],
  "ys_absatt": [
    0.30164758584944407,
    0.6547571110035566,
    0.7948524588919961,
    0.8391132315112124,
    0.8735939944540311,
    0.8785774747124415,
    0.8799745966194604,
    0.8803754040769398,
    0.8804608830569567
  ],
  "dump": {
    "args_list": [
      [
        0,
        "stsb",
        4,
        -1,
        -2.0,
        1.0,
        1.0,
        0.75
      ],
      [
        1,
        "stsb",
        4,
        -1,
        -1.5,
        0.5,
        1.0,
        1.0
      ],
      [
        2,
        "stsb",
        4,
        -1,
        -1.0,
        2.0,
        1.0,
        1.5
      ],
      [
        3,
        "stsb",
        4,
        -1,
        -0.5,
        2.0,
        1.0,
        0.75
      ],
      [
        4,
        "stsb",
        4,
        -1,
        0.0,
        1.0,
        1.0,
        0.75
      ],
      [
        5,
        "stsb",
        4,
        -1,
        1.0,
        1.0,
        1.0,
        0.75
      ]
    ]
  }
}