{
  "occupies": [
    0.08490927517414093,
    0.11539249122142792,
    0.29378601908683777,
    0.29797878861427307,
    0.3696027398109436,
    0.4163191318511963
  ],
  "flopses": [
    1.419931411743164,
    1.696575403213501,
    3.3807148933410645,
    3.3996589183807373,
    4.096470832824707,
    4.575051784515381
  ],
  "metrics": [
    0.8967889908256881,
    0.8887614678899083,
    0.9174311926605505,
    0.9105504587155964,
    0.9139908256880734,
    0.9220183486238532
  ],
  "occupies_no_train": [
    0.11150676757097244,
    0.14091378450393677,
    0.1811726838350296,
    0.23452946543693542,
    0.3129309415817261,
    0.41542598605155945
  ],
  "flopses_no_train": [
    1.6689523458480835,
    1.9356189966201782,
    2.2905898094177246,
    2.771040201187134,
    3.5191140174865723,
    4.565881729125977
  ],
  "metrics_no_train": [
    0.8245412844036697,
    0.838302752293578,
    0.8577981651376146,
    0.8876146788990825,
    0.9059633027522935,
    0.9220183486238532
  ],
  "metric_name": "acc",
  "subset": "sst2",
  "p_logits": [
    -2.0,
    -1.5,
    -1.0,
    -0.5,
    0.0,
    1.0
  ],
  "xs_forward": [
    0.12199589401424599,
    0.18484795021493386,
    0.23542375056136736,
    0.2672996728042673,
    0.35603868608459677,
    0.4214682106883959,
    0.5010874446655178,
    0.6014386989158589,
    0.7099906973761597
  ],
  "ys_forward": [
    0.6788990825688074,
    0.7706422018348624,
    0.8061926605504587,
    0.819954128440367,
    0.8600917431192661,
    0.8922018348623854,
    0.9059633027522935,
    0.9151376146788991,
    0.9231651376146789
  ],
  "xs_sparse": [
    0.10885673959068494,
    0.1675354462051876,
    0.217452043369473,
    0.25080034644255306,
    0.3457015461603054,
    0.4170606916019789,
    0.49960223262984665,
    0.6011323538847433,
    0.7098335151088858
  ],
  "ys_sparse": [
    0.8325688073394495,
    0.8795871559633027,
    0.893348623853211,
    0.9025229357798165,
    0.9208715596330275,
    0.9208715596330275,
    0.9243119266055045,
    0.9243119266055045,
    0.9243119266055045
  ],
  "xs_bert": [
    0.08490927517414093,
    0.7099906973761597
  ],
  "ys_bert": [
    0.9243119266055045,
    0.9243119266055045
  ],
  "xs_absatt": [
    0.12199589401424599,
    0.18484795021493386,
    0.23542375056136736,
    0.2672996728042673,
    0.35603868608459677,
    0.4214682106883959,
    0.5010874446655178,
    0.6014386989158589,
    0.7099906973761597
  ],
  "ys_absatt": [
    0.8348623853211009,
    0.8853211009174312,
    0.9025229357798165,
    0.9208715596330275,
    0.9208715596330275,
    0.9243119266055045,
    0.9231651376146789,
    0.9243119266055045,
    0.9243119266055045
  ],
  "dump": {
    "args_list": [
      [
        0,
        "sst2",
        4,
        -1,
        -2.0,
        0.5,
        1.0,
        1.0
      ],
      [
        1,
        "sst2",
        4,
        -1,
        -1.5,
        1.0,
        1.0,
        1.0
      ],
      [
        2,
        "sst2",
        4,
        -1,
        -1.0,
        1.0,
        1.0,
        1.5
      ],
      [
        3,
        "sst2",
        4,
        -1,
        -0.5,
        0.5,
        1.0,
        1.5
      ],
      [
        4,
        "sst2",
        4,
        -1,
        0.0,
        0.5,
        1.0,
        1.5
      ],
      [
        5,
        "sst2",
        4,
        -1,
        1.0,
        0.5,
        1.0,
        1.5
      ]
    ]
  }
}