{
  "occupies": [
    0.06597106903791428,
    0.0963306799530983,
    0.1620924472808838,
    0.2576422095298767,
    0.4007789194583893,
    0.49832087755203247
  ],
  "flopses": [
    2.272524118423462,
    2.780970573425293,
    3.8514721393585205,
    5.388956069946289,
    7.888864040374756,
    9.683262825012207
  ],
  "metrics": [
    0.8052173913043478,
    0.7959420289855073,
    0.8104347826086956,
    0.8191304347826087,
    0.8388405797101449,
    0.8457971014492753
  ],
  "occupies_no_train": [
    0.07350294291973114,
    0.09877438843250275,
    0.14281630516052246,
    0.2216017246246338,
    0.3552081882953644,
    0.49832087755203247
  ],
  "flopses_no_train": [
    2.400012493133545,
    2.8192389011383057,
    3.5171568393707275,
    4.742818355560303,
    7.053101539611816,
    9.683262825012207
  ],
  "metrics_no_train": [
    0.34492753623188405,
    0.3472463768115942,
    0.3814492753623188,
    0.4846376811594203,
    0.7715942028985507,
    0.8440579710144928
  ],
  "metric_name": "acc",
  "subset": "mrpc",
  "p_logits": [
    -2.0,
    -1.5,
    -1.0,
    -0.5,
    0.0,
    3.0
  ],
  "xs_forward": [
    0.10025732907003947,
    0.1689758290761656,
    0.2258129050436661,
    0.28250186825436485,
    0.38166115378489684,
    0.4524705673367701,
    0.5129588861528334,
    0.5946807428914186,
    0.6989206390041988
  ],
  "ys_forward": [
    0.5118840579710144,
    0.6255072463768115,
    0.7420289855072464,
    0.7831884057971015,
    0.8260869565217391,
    0.8353623188405798,
    0.841159420289855,
    0.841159420289855,
    0.8457971014492753
  ],
  "xs_sparse": [
    0.09046841118747738,
    0.15217293297561552,
    0.20512802136547217,
    0.25961134183540996,
    0.3603149693116264,
    0.43710359317381425,
    0.5049884229482525,
    0.5927487841032717,
    0.69863494922018
  ],
  "ys_sparse": [
    0.39072463768115945,
    0.48057971014492756,
    0.5744927536231884,
    0.6811594202898551,
    0.8028985507246377,
    0.841159420289855,
    0.8434782608695652,
    0.8428985507246377,
    0.8440579710144928
  ],
  "xs_bert": [
    0.06597106903791428,
    0.6989206390041988
  ],
  "ys_bert": [
    0.8440579710144928,
    0.8440579710144928
  ],
  "xs_absatt": [
    0.10025732907003947,
    0.1689758290761656,
    0.2258129050436661,
    0.28250186825436485,
    0.38166115378489684,
    0.4524705673367701,
    0.5129588861528334,
    0.5946807428914186,
    0.6989206390041988
  ],
  "ys_absatt": [
    0.391304347826087,
    0.49971014492753624,
    0.6052173913043478,
    0.721159420289855,
    0.8266666666666667,
    0.84,
    0.8428985507246377,
    0.8446376811594203,
    0.8440579710144928
  ]
}