{
  "occupies": [
    0.09361234307289124,
    0.10594253987073898,
    0.11419602483510971,
    0.1733318269252777,
    0.2702137529850006,
    0.3150155544281006
  ],
  "flopses": [
    0.9249752759933472,
    0.9934929013252258,
    1.0381550788879395,
    1.3478350639343262,
    1.9299930334091187,
    2.2152483463287354
  ],
  "metrics": [
    0.4047791011355206,
    0.4026657824912335,
    0.3889502859258342,
    0.4491534084057902,
    0.4902718526664373,
    0.5115610675474672
  ],
  "occupies_no_train": [
    0.1018451675772667,
    0.12030594050884247,
    0.15305481851100922,
    0.19707314670085907,
    0.24801288545131683,
    0.31555700302124023
  ],
  "flopses_no_train": [
    0.9716162085533142,
    1.076994776725769,
    1.257501482963562,
    1.4953964948654175,
    1.7940467596054077,
    2.218400716781616
  ],
  "metrics_no_train": [
    0.2520276094014936,
    0.231187425303632,
    0.18091386952230076,
    0.19023964225395404,
    0.2905524644665553,
    0.5391190563175304
  ],
  "metric_name": "matthews_correlation",
  "subset": "cola",
  "p_logits": [
    -2.0,
    -1.5,
    -1.0,
    -0.5,
    0.0,
    1.0
  ],
  "xs_forward": [
    0.12603720492206785,
    0.1864932176754493,
    0.22703982351444923,
    0.24660964818790274,
    0.3226193380334488,
    0.39100487977245507,
    0.4869606092703946,
    0.5877513739302412,
    0.7160444099007336
  ],
  "ys_forward": [
    0.07020916571551028,
    0.19029029188041677,
    0.3289923586584183,
    0.4168016962756899,
    0.4827605792030205,
    0.47826954588456344,
    0.4855357738917488,
    0.5162458987125488,
    0.5259287977773666
  ],
  "xs_sparse": [
    0.11597503462684045,
    0.17496589994561498,
    0.21699807678120658,
    0.23824182307842803,
    0.31863852645620966,
    0.3888651064253668,
    0.48538232178606516,
    0.5873031902089545,
    0.7159878398758759
  ],
  "ys_sparse": [
    0.09290804541068108,
    0.3191800954230541,
    0.43651103501989164,
    0.42868207445218875,
    0.5135566841640817,
    0.5160691863640823,
    0.5285257385527052,
    0.5365007161029405,
    0.5338774230813111
  ],
  "xs_bert": [
    0.09361234307289124,
    0.7160444099007336
  ],
  "ys_bert": [
    0.5338774230813111,
    0.5338774230813111
  ],
  "xs_absatt": [
    0.12603720492206785,
    0.1864932176754493,
    0.22703982351444923,
    0.24660964818790274,
    0.3226193380334488,
    0.39100487977245507,
    0.4869606092703946,
    0.5877513739302412,
    0.7160444099007336
  ],
  "ys_absatt": [
    0.1766619570140954,
    0.37745341952598954,
    0.4561082124920514,
    0.47357366385150496,
    0.5261643004428046,
    0.5313208986648889,
    0.5338269593815457,
    0.5365007161029405,
    0.5338774230813111
  ],
  "dump": {
    "args_list": [
      [
        0,
        "cola",
        4,
        -1,
        -2.0,
        2.0,
        1.0,
        0.75
      ],
      [
        1,
        "cola",
        4,
        -1,
        -1.5,
        2.0,
        1.0,
        1.5
      ],
      [
        2,
        "cola",
        4,
        -1,
        -1.0,
        1.0,
        1.0,
        1.0
      ],
      [
        3,
        "cola",
        4,
        -1,
        -0.5,
        2.0,
        1.0,
        1.0
      ],
      [
        4,
        "cola",
        4,
        -1,
        0.0,
        2.0,
        1.0,
        0.75
      ],
      [
        5,
        "cola",
        4,
        -1,
        1.0,
        0.5,
        1.0,
        1.0
      ]
    ]
  }
}