{
  "occupies": [
    0.05238083377480507,
    0.07498303800821304,
    0.20421506464481354,
    0.264342337846756,
    0.24680408835411072,
    0.2764739692211151
  ],
  "flopses": [
    3.761172294616699,
    4.422300815582275,
    8.256209373474121,
    10.059574127197266,
    9.484977722167969,
    10.433260917663574
  ],
  "metrics": [
    0.8742449203734212,
    0.8812008054182684,
    0.9115870400878638,
    0.9126853377265239,
    0.9137836353651839,
    0.9146988833974007
  ],
  "occupies_no_train": [
    0.05067939683794975,
    0.06849787384271622,
    0.10113682597875595,
    0.1514660120010376,
    0.21802428364753723,
    0.27588221430778503
  ],
  "flopses_no_train": [
    3.711947202682495,
    4.233400344848633,
    5.181224822998047,
    6.62980842590332,
    8.575061798095703,
    10.414359092712402
  ],
  "metrics_no_train": [
    0.638293977667948,
    0.6533040453963024,
    0.7241442430898773,
    0.8336079077429983,
    0.9049972542559034,
    0.9150649826102873
  ],
  "metric_name": "acc",
  "subset": "qnli",
  "p_logits": [
    -2.0,
    -1.5,
    -1.0,
    -0.5,
    0.0,
    1.0
  ],
  "xs_forward": [
    0.09783130260879859,
    0.149419391729142,
    0.19126796934553245,
    0.22862720496151814,
    0.30127061602488053,
    0.38019042870514236,
    0.4677629144854178,
    0.5817971652861598,
    0.6952099451040298
  ],
  "ys_forward": [
    0.6738056013179572,
    0.7591067179205565,
    0.8065165659893831,
    0.838733296723412,
    0.876807614863628,
    0.8960278235401794,
    0.9079260479589969,
    0.914881933003844,
    0.9154310818231741
  ],
  "xs_sparse": [
    0.09102708269962081,
    0.1406551332966771,
    0.18388634366973877,
    0.2237332670407341,
    0.29999605917612543,
    0.3798283298820798,
    0.4676347932087302,
    0.5817658478087618,
    0.6951863477052124
  ],
  "ys_sparse": [
    0.7726523887973641,
    0.8548416620904266,
    0.8912685337726524,
    0.9031667581914699,
    0.9145158337909574,
    0.9154310818231741,
    0.9152480322167308,
    0.9152480322167308,
    0.9154310818231741
  ],
  "xs_bert": [
    0.05067939683794975,
    0.6952099451040298
  ],
  "ys_bert": [
    0.9154310818231741,
    0.9154310818231741
  ],
  "xs_absatt": [
    0.09783130260879859,
    0.149419391729142,
    0.19126796934553245,
    0.22862720496151814,
    0.30127061602488053,
    0.38019042870514236,
    0.4677629144854178,
    0.5817971652861598,
    0.6952099451040298
  ],
  "ys_absatt": [
    0.7907742998352554,
    0.8740618707669778,
    0.90481420464946,
    0.9112209408749771,
    0.9152480322167308,
    0.9156141314296175,
    0.9154310818231741,
    0.9154310818231741,
    0.9154310818231741
  ],
  "dump": {
    "args_list": [
      [
        0,
        "qnli",
        4,
        -1,
        -2.0,
        1.0,
        1.0,
        1.0
      ],
      [
        1,
        "qnli",
        4,
        -1,
        -1.5,
        2.0,
        1.0,
        1.0
      ],
      [
        2,
        "qnli",
        4,
        -1,
        -1.0,
        2.0,
        1.0,
        0.75
      ],
      [
        3,
        "qnli",
        4,
        -1,
        -0.5,
        2.0,
        1.0,
        1.5
      ],
      [
        4,
        "qnli",
        4,
        -1,
        0.0,
        0.5,
        1.0,
        1.5
      ],
      [
        5,
        "qnli",
        4,
        -1,
        1.0,
        0.5,
        1.0,
        1.5
      ]
    ]
  }
}