{
  "mnli": 34.86091259108281,
  "qnli": 31.370345166303238,
  "mrpc": 17.184225623986094,
  "cola": 5.93896826775072,
  "sst2": 9.482579040000008,
  "qqp": 20.456340095430065,
  "wnli": 18.30117744,
  "stsb": 14.019962312447998,
  "rte": 45.50981001600002
}