{"occupies": [[0.3830340802669525, 0.3831864595413208, 0.37939101457595825, 0.38292330503463745, 0.38020825386047363], [0.3801390826702118, 0.3824661374092102, 0.3804161250591278, 0.37976503372192383, 0.36933451890945435], [0.37077516317367554, 0.3737255930900574, 0.34465038776397705, 0.3416444659233093, 0.36114805936813354], [0.34251710772514343, 0.3434174954891205, 0.32468971610069275, 0.3156166672706604, 0.33018893003463745], [0.35419437289237976, 0.3381260633468628, 0.34502431750297546, 0.32222411036491394, 0.3310061991214752], [0.35124385356903076, 0.34401315450668335, 0.3470606207847595, 0.3185116946697235, 0.34811335802078247]], "metrics": [[0.234375, 0.21875, 0.296875, 0.265625, 0.265625], [0.28125, 0.25, 0.3125, 0.28125, 0.359375], [0.25, 0.28125, 0.421875, 0.546875, 0.515625], [0.484375, 0.515625, 0.609375, 0.609375, 0.515625], [0.46875, 0.546875, 0.609375, 0.5625, 0.484375], [0.578125, 0.40625, 0.453125, 0.578125, 0.609375]], "max_test_occupies": [0.34698596596717834, 0.33655157685279846, 0.30533939599990845, 0.2924650311470032, 0.3113236427307129, 0.3177271783351898], "max_test_metrics": [0.22535211267605634, 0.30985915492957744, 0.5492957746478874, 0.5633802816901409, 0.5633802816901409, 0.5492957746478874], "lambdas": [0.001, 0.01, 0.1, 1.0, 5.0, 25.0], "temperatures": [0.0001, 0.0002, 0.0005, 0.001, 0.002]}