{
  "occupies": [
    [
      0.2116222232580185,
      0.2122659832239151,
      0.21678900718688965,
      0.20996230840682983,
      0.21287956833839417
    ],
    [
      0.0055820876732468605,
      0.005578767042607069,
      0.006699167657643557,
      0.06492769718170166,
      0.13954944908618927
    ],
    [
      0.005578454118221998,
      0.005578454118221998,
      0.005579816177487373,
      0.005578454118221998,
      0.005578454118221998
    ],
    [
      0.005578454118221998,
      0.005578454118221998,
      0.005578454118221998,
      0.005578454118221998,
      0.005578454118221998
    ],
    [
      0.005578454118221998,
      0.005578454118221998,
      0.005578454118221998,
      0.005578454118221998,
      0.005578454118221998
    ],
    [
      0.005579082295298576,
      0.005578454118221998,
      0.005578454118221998,
      0.005578454118221998,
      0.005578454118221998
    ]
  ],
  "metrics": [
    [
      0.8811342371586787,
      0.8864808096238305,
      0.8881038762650373,
      0.8896314683979377,
      0.8850486919992362
    ],
    [
      0.49980905098338746,
      0.49980905098338746,
      0.49980905098338746,
      0.49980905098338746,
      0.8539240022913882
    ],
    [
      0.49980905098338746,
      0.49980905098338746,
      0.49980905098338746,
      0.49980905098338746,
      0.49980905098338746
    ],
    [
      0.49980905098338746,
      0.49980905098338746,
      0.49980905098338746,
      0.49980905098338746,
      0.49980905098338746
    ],
    [
      0.49980905098338746,
      0.49980905098338746,
      0.49980905098338746,
      0.49980905098338746,
      0.49980905098338746
    ],
    [
      0.49980905098338746,
      0.49980905098338746,
      0.49980905098338746,
      0.49980905098338746,
      0.49980905098338746
    ]
  ],
  "max_test_occupies": [
    0.22337788343429565,
    0.14676661789417267,
    0.005879577249288559,
    0.005879577249288559,
    0.005879577249288559,
    0.005879577249288559
  ],
  "max_test_metrics": [
    0.8901702361339923,
    0.8506315211422295,
    0.4946000366099213,
    0.4946000366099213,
    0.4946000366099213,
    0.4946000366099213
  ],
  "lambdas": [
    0.001,
    0.01,
    0.1,
    1.0,
    5.0,
    25.0
  ],
  "temperatures": [
    0.0001,
    0.0002,
    0.0005,
    0.001,
    0.002
  ]
}