{
  "max_test_occupies": [
    0.018181802704930305,
    0.18286189436912537,
    0.2079700529575348,
    0.3732866942882538,
    0.4478731155395508,
    0.45027822256088257
  ],
  "max_test_metrics": [
    0.5091743119266054,
    0.8268348623853211,
    0.8853211009174312,
    0.9243119266055045,
    0.9185779816513762,
    0.9128440366972477
  ],
  "lambdas": [
    0.001,
    0.01,
    0.1,
    1.0,
    5.0,
    25.0
  ],
  "temperatures": [
    0.0001,
    0.0002,
    0.0005,
    0.001,
    0.002
  ],
  "hparam": {
    "0.001": {
      "metric": -0.10492692089411751,
      "temperature": 0.002
    },
    "0.01": {
      "metric": -0.13023129558619864,
      "temperature": 0.0005
    },
    "0.1": {
      "metric": -0.35964915301482636,
      "temperature": 0.002
    },
    "1.0": {
      "metric": -1.7580893993944,
      "temperature": 0.002
    },
    "5.0": {
      "metric": -7.158311624141883,
      "temperature": 0.002
    },
    "25.0": {
      "metric": -5.9826050461612805,
      "temperature": 0.002
    }
  },
  "hparam_results": {
    "0.001": {
      "0.0002": {
        "metric": -0.11077161362580512,
        "metric_name": "minus_loss",
        "occupy": 0.23106740415096283
      },
      "0.0001": {
        "metric": -0.11439941904116024,
        "metric_name": "minus_loss",
        "occupy": 0.2310483604669571
      },
      "0.0005": {
        "metric": -0.10719701341152049,
        "metric_name": "minus_loss",
        "occupy": 0.23103587329387665
      },
      "0.001": {
        "metric": -0.10619651029028015,
        "metric_name": "minus_loss",
        "occupy": 0.2308662086725235
      },
      "0.002": {
        "metric": -0.10492692089411751,
        "metric_name": "minus_loss",
        "occupy": 0.23037180304527283
      }
    },
    "0.01": {
      "0.0001": {
        "metric": -0.13399114457983302,
        "metric_name": "minus_loss",
        "occupy": 0.2300952672958374
      },
      "0.0002": {
        "metric": -0.1359236805507307,
        "metric_name": "minus_loss",
        "occupy": 0.23065219819545746
      },
      "0.0005": {
        "metric": -0.13023129558619864,
        "metric_name": "minus_loss",
        "occupy": 0.23086443543434143
      },
      "0.001": {
        "metric": -0.14365574690533223,
        "metric_name": "minus_loss",
        "occupy": 0.22904670238494873
      },
      "0.002": {
        "metric": -0.13535983088888634,
        "metric_name": "minus_loss",
        "occupy": 0.2276267558336258
      }
    },
    "0.1": {
      "0.0001": {
        "metric": -0.3786710549207878,
        "metric_name": "minus_loss",
        "occupy": 0.2232755869626999
      },
      "0.0002": {
        "metric": -0.38191971356257126,
        "metric_name": "minus_loss",
        "occupy": 0.222761869430542
      },
      "0.0005": {
        "metric": -0.37629209044710193,
        "metric_name": "minus_loss",
        "occupy": 0.217817485332489
      },
      "0.001": {
        "metric": -0.36264856021647784,
        "metric_name": "minus_loss",
        "occupy": 0.2150319367647171
      },
      "0.002": {
        "metric": -0.35964915301482636,
        "metric_name": "minus_loss",
        "occupy": 0.21070034801959991
      }
    },
    "1.0": {
      "0.0001": {
        "metric": -2.394886391179862,
        "metric_name": "minus_loss",
        "occupy": 0.1907334327697754
      },
      "0.0002": {
        "metric": -2.2750701142603313,
        "metric_name": "minus_loss",
        "occupy": 0.18095524609088898
      },
      "0.0005": {
        "metric": -2.2686143295215597,
        "metric_name": "minus_loss",
        "occupy": 0.18036103248596191
      },
      "0.001": {
        "metric": -2.2149267842254274,
        "metric_name": "minus_loss",
        "occupy": 0.1751229465007782
      },
      "0.002": {
        "metric": -1.7580893993944,
        "metric_name": "minus_loss",
        "occupy": 0.13700416684150696
      }
    },
    "5.0": {
      "0.0001": {
        "metric": -11.910417817267556,
        "metric_name": "minus_loss",
        "occupy": 0.19672361016273499
      },
      "0.0002": {
        "metric": -11.63938563226804,
        "metric_name": "minus_loss",
        "occupy": 0.19230525195598602
      },
      "0.0005": {
        "metric": -11.457763660548702,
        "metric_name": "minus_loss",
        "occupy": 0.18911293148994446
      },
      "0.001": {
        "metric": -11.05549583525669,
        "metric_name": "minus_loss",
        "occupy": 0.18243585526943207
      },
      "0.002": {
        "metric": -7.158311624141883,
        "metric_name": "minus_loss",
        "occupy": 0.11642146855592728
      }
    },
    "25.0": {
      "0.0002": {
        "metric": -61.27702546289584,
        "metric_name": "minus_loss",
        "occupy": 0.20386698842048645
      },
      "0.0001": {
        "metric": -57.378336319730856,
        "metric_name": "minus_loss",
        "occupy": 0.19093060493469238
      },
      "0.0005": {
        "metric": -66.67682982057404,
        "metric_name": "minus_loss",
        "occupy": 0.22119183838367462
      },
      "0.001": {
        "metric": -13.360518299202454,
        "metric_name": "minus_loss",
        "occupy": 0.04225095361471176
      },
      "0.002": {
        "metric": -5.9826050461612805,
        "metric_name": "minus_loss",
        "occupy": 0.017656944692134857
      }
    }
  }
}