{
  "occupies": [
    [
      0.2883034944534302,
      0.26825618743896484,
      0.29683542251586914,
      0.2922877073287964,
      0.27747082710266113
    ],
    [
      0.20568954944610596,
      0.21044030785560608,
      0.2681371569633484,
      0.24777698516845703,
      0.2017102688550949
    ],
    [
      0.17253562808036804,
      0.2120901644229889,
      0.2296590656042099,
      0.19143489003181458,
      0.1410619020462036
    ],
    [
      0.17447122931480408,
      0.1659616231918335,
      0.11628711223602295,
      0.08567860722541809,
      0.05247713625431061
    ],
    [
      0.12057594954967499,
      0.028601400554180145,
      0.012423796579241753,
      0.010156264528632164,
      0.004878045059740543
    ],
    [
      0.08425122499465942,
      0.01754957064986229,
      0.004878045059740543,
      0.005671997554600239,
      0.004881220869719982
    ]
  ],
  "metrics": [
    [
      0.9076305220883534,
      0.8674698795180723,
      0.8955823293172691,
      0.9156626506024096,
      0.8995983935742972
    ],
    [
      0.8232931726907631,
      0.7831325301204819,
      0.8634538152610441,
      0.891566265060241,
      0.8192771084337349
    ],
    [
      0.8112449799196787,
      0.8473895582329317,
      0.8835341365461847,
      0.8674698795180723,
      0.7670682730923695
    ],
    [
      0.8232931726907631,
      0.8313253012048193,
      0.7309236947791165,
      0.6666666666666666,
      0.6546184738955824
    ],
    [
      0.5060240963855421,
      0.5060240963855421,
      0.5060240963855421,
      0.5060240963855421,
      0.5060240963855421
    ],
    [
      0.5060240963855421,
      0.5060240963855421,
      0.5060240963855421,
      0.5060240963855421,
      0.5060240963855421
    ]
  ],
  "max_test_occupies": [
    0.23655304312705994,
    0.19394679367542267,
    0.1793496161699295,
    0.12645278871059418,
    0.0039525870233774185,
    0.0039525870233774185
  ],
  "max_test_metrics": [
    0.7075812274368231,
    0.6353790613718412,
    0.6498194945848376,
    0.6425992779783394,
    0.4729241877256318,
    0.4729241877256318
  ],
  "lambdas": [
    0.001,
    0.01,
    0.1,
    1.0,
    5.0,
    25.0
  ],
  "temperatures": [
    0.0001,
    0.0002,
    0.0005,
    0.001,
    0.002
  ]
}