{
  "max_test_occupies": [
    0.005277557298541069,
    0.005277557298541069,
    0.005277557298541069,
    0.005277557298541069,
    0.005395908840000629,
    0.18837904930114746
  ],
  "max_test_metrics": [
    0.3273560876209883,
    0.3273560876209883,
    0.3273560876209883,
    0.3273560876209883,
    0.3273560876209883,
    0.49923586347427407
  ],
  "lambdas": [
    0.001,
    0.01,
    0.1,
    1.0,
    5.0,
    25.0
  ],
  "temperatures": [
    0.0002,
    0.001
  ],
  "hparam": {
    "0.001": {
      "metric": 0.6957983193277311,
      "temperature": 0.001
    },
    "0.01": {
      "metric": 0.3106697224344283,
      "temperature": 0.001
    },
    "0.1": {
      "metric": 0.3106697224344283,
      "temperature": 0.001
    },
    "1.0": {
      "metric": 0.3106697224344283,
      "temperature": 0.001
    },
    "5.0": {
      "metric": 0.3106697224344283,
      "temperature": 0.0002
    },
    "25.0": {
      "metric": 0.3106697224344283,
      "temperature": 0.001
    }
  },
  "hparam_results": {
    "0.001": {
      "0.001": {
        "metric": 0.6957983193277311,
        "metric_name": "acc",
        "occupy": 0.19786284863948822
      },
      "0.0002": {
        "metric": 0.6152533740769035,
        "metric_name": "acc",
        "occupy": 0.19535702466964722
      }
    },
    "0.01": {
      "0.0002": {
        "metric": 0.3106697224344283,
        "metric_name": "acc",
        "occupy": 0.005427294876426458
      },
      "0.001": {
        "metric": 0.3106697224344283,
        "metric_name": "acc",
        "occupy": 0.010874266736209393
      }
    },
    "0.1": {
      "0.0002": {
        "metric": 0.3106697224344283,
        "metric_name": "acc",
        "occupy": 0.005427294876426458
      },
      "0.001": {
        "metric": 0.3106697224344283,
        "metric_name": "acc",
        "occupy": 0.005427294876426458
      }
    },
    "1.0": {
      "0.0002": {
        "metric": 0.3106697224344283,
        "metric_name": "acc",
        "occupy": 0.005427294876426458
      },
      "0.001": {
        "metric": 0.3106697224344283,
        "metric_name": "acc",
        "occupy": 0.005427294876426458
      }
    },
    "5.0": {
      "0.001": {
        "metric": 0.3106697224344283,
        "metric_name": "acc",
        "occupy": 0.005427294876426458
      },
      "0.0002": {
        "metric": 0.3106697224344283,
        "metric_name": "acc",
        "occupy": 0.005427294876426458
      }
    },
    "25.0": {
      "0.0002": {
        "metric": 0.3106697224344283,
        "metric_name": "acc",
        "occupy": 0.005427294876426458
      },
      "0.001": {
        "metric": 0.3106697224344283,
        "metric_name": "acc",
        "occupy": 0.005427294876426458
      }
    }
  }
}