{"occupies": [[0.4774772822856903, 0.47702017426490784, 0.47730517387390137, 0.47715264558792114, 0.47728231549263], [0.47684091329574585, 0.47693926095962524, 0.4771902561187744, 0.47689518332481384, 0.476175457239151], [0.4637047052383423, 0.4504673182964325, 0.44676971435546875, 0.4526328444480896, 0.4450463652610779], [0.3949771523475647, 0.4190920293331146, 0.3759765326976776, 0.360077828168869, 0.3476991653442383], [0.3573743999004364, 0.3802650272846222, 0.34267669916152954, 0.290755033493042, 0.28213170170783997], [0.3567880094051361, 0.44594547152519226, 0.18226668238639832, 0.3670053780078888, 0.29136744141578674]], "metrics": [[0.9069190409293488, 0.8998669733325357, 0.9047985590483268, 0.9071762763792417, 0.9040432955094968], [0.9065185896118747, 0.9055389979028268, 0.8951095968718841, 0.9066133019936371, 0.898766148000305], [0.8536157540548724, 0.8917468184084059, 0.752693498011974, 0.7920367165405672, 0.8587614410022618], [0.751273074680703, 0.2596874186710057, 0.8733513561112985, 0.5503242979818007, 0.7821415800018653], [0.8544925647044516, 0.8806179037738441, 0.7684148308411822, 0.7653636528400333, 0.7871736109449883], [0.8241158364692103, 0.08512877387048716, 0.00749979700691542, 0.034398982676364584, 0.03493344999453157]], "max_test_occupies": [0.3809627592563629, 0.37827247381210327, 0.3504292368888855, 0.26644110679626465, 0.2726247310638428, 0.23950064182281494], "max_test_metrics": [0.8789896658606512, 0.8890427036774277, 0.8063860705800766, 0.8105619372997637, 0.7521462630943176, 0.7904496094125459], "lambdas": [0.001, 0.01, 0.1, 1.0, 5.0, 25.0], "temperatures": [0.0001, 0.0002, 0.0005, 0.001, 0.002]}