{"occupies": [[0.27973894852524, 0.2768468614667654, 0.2873595013904075, 0.2913233602109055, 0.2967103646757702], [0.27606713492423296, 0.27867689200987417, 0.2920163225693007, 0.28612899982059997, 0.2853208837720255], [0.25448253223051626, 0.2621211887647708, 0.2585939393999676, 0.25702946974585456, 0.24036674139400324], [0.20932189949477711, 0.19216774578671902, 0.18177089669431248, 0.166549224484091, 0.14387969975359738], [0.2030993376780922, 0.1751541532964135, 0.1453000510421892, 0.15918464167043567, 0.1299520456038105], [0.18415237466494241, 0.15178182115778327, 0.14675527163005123, 0.17805589397903532, 0.13606523138393337]], "metrics": [[0.891566265060241, 0.8875502008032129, 0.8875502008032129, 0.8955823293172691, 0.9076305220883534], [0.8634538152610441, 0.8795180722891566, 0.8554216867469879, 0.8473895582329317, 0.8835341365461847], [0.8594377510040161, 0.8835341365461847, 0.8714859437751004, 0.8674698795180723, 0.8152610441767069], [0.7991967871485943, 0.8192771084337349, 0.7951807228915663, 0.6385542168674698, 0.5261044176706827], [0.7309236947791165, 0.7269076305220884, 0.4899598393574297, 0.5060240963855421, 0.46586345381526106], [0.5060240963855421, 0.4939759036144578, 0.4979919678714859, 0.5060240963855421, 0.5060240963855421]], "max_test_occupies": [0.23611580456296602, 0.22780438526361077, 0.2101715128454897, 0.15822460302324207, 0.16608764286394473, 0.1163426495709077], "max_test_metrics": [0.6678700361010831, 0.6534296028880866, 0.6606498194945848, 0.6101083032490975, 0.5631768953068592, 0.44404332129963897], "lambdas": [0.001, 0.01, 0.1, 1.0, 5.0, 25.0], "temperatures": [0.0001, 0.0002, 0.0005, 0.001, 0.002]}