{
  "max_test_occupies": [
    0.008834279142320156,
    0.008834279142320156,
    0.03896937146782875,
    0.17112411558628082,
    0.2645603120326996,
    0.2680429220199585
  ],
  "max_test_metrics": [
    0.7698491219391541,
    0.6318327974276527,
    0.8028938906752412,
    0.8997279248083107,
    0.9049468216670788,
    0.9040069255503339
  ],
  "lambdas": [
    0.001,
    0.01,
    0.1,
    1.0,
    5.0,
    25.0
  ],
  "temperatures": [
    0.0001,
    0.0002,
    0.0005,
    0.001,
    0.002
  ],
  "hparam": {
    "0.001": {
      "metric": -0.14886079003864883,
      "temperature": 0.0005
    },
    "0.01": {
      "metric": -0.1758922517572354,
      "temperature": 0.0002
    },
    "0.1": {
      "metric": -0.3609348440984627,
      "temperature": 0.002
    },
    "1.0": {
      "metric": -0.8341688023514474,
      "temperature": 0.002
    },
    "5.0": {
      "metric": -0.9713958254926256,
      "temperature": 0.001
    },
    "25.0": {
      "metric": -3.162405204814878,
      "temperature": 0.001
    }
  },
  "hparam_results": {
    "0.001": {
      "0.001": {
        "metric": -0.15877947331089662,
        "metric_name": "minus_loss",
        "occupy": 0.25370603799819946
      },
      "0.0002": {
        "metric": -0.15470818327684047,
        "metric_name": "minus_loss",
        "occupy": 0.25405383110046387
      },
      "0.0005": {
        "metric": -0.14886079003864883,
        "metric_name": "minus_loss",
        "occupy": 0.25426504015922546
      },
      "0.0001": {
        "metric": -0.14890492502708463,
        "metric_name": "minus_loss",
        "occupy": 0.25407248735427856
      },
      "0.002": {
        "metric": -0.15919418551437134,
        "metric_name": "minus_loss",
        "occupy": 0.25310006737709045
      }
    },
    "0.01": {
      "0.0002": {
        "metric": -0.1758922517572354,
        "metric_name": "minus_loss",
        "occupy": 0.25098100304603577
      },
      "0.0005": {
        "metric": -0.18332177770743135,
        "metric_name": "minus_loss",
        "occupy": 0.25082042813301086
      },
      "0.001": {
        "metric": -0.1874844268599849,
        "metric_name": "minus_loss",
        "occupy": 0.24064047634601593
      },
      "0.002": {
        "metric": -0.1779972090762355,
        "metric_name": "minus_loss",
        "occupy": 0.23302309215068817
      },
      "0.0001": {
        "metric": -0.18015257304153107,
        "metric_name": "minus_loss",
        "occupy": 0.25102031230926514
      }
    },
    "0.1": {
      "0.0001": {
        "metric": -0.3905971570230757,
        "metric_name": "minus_loss",
        "occupy": 0.20158547163009644
      },
      "0.0002": {
        "metric": -0.3860380391081131,
        "metric_name": "minus_loss",
        "occupy": 0.19245262444019318
      },
      "0.001": {
        "metric": -0.38213607237630687,
        "metric_name": "minus_loss",
        "occupy": 0.18783533573150635
      },
      "0.0005": {
        "metric": -0.38053204234673915,
        "metric_name": "minus_loss",
        "occupy": 0.1912369281053543
      },
      "0.002": {
        "metric": -0.3609348440984627,
        "metric_name": "minus_loss",
        "occupy": 0.165165975689888
      }
    },
    "1.0": {
      "0.0002": {
        "metric": -1.2562981906776298,
        "metric_name": "minus_loss",
        "occupy": 0.07530677318572998
      },
      "0.002": {
        "metric": -0.8341688023514474,
        "metric_name": "minus_loss",
        "occupy": 0.03776182606816292
      },
      "0.001": {
        "metric": -0.8641222521914941,
        "metric_name": "minus_loss",
        "occupy": 0.0394454151391983
      },
      "0.0005": {
        "metric": -0.9287447124706517,
        "metric_name": "minus_loss",
        "occupy": 0.04506790265440941
      },
      "0.0001": {
        "metric": -1.4623280058171257,
        "metric_name": "minus_loss",
        "occupy": 0.0953669473528862
      }
    },
    "5.0": {
      "0.0001": {
        "metric": -1.5308209798458672,
        "metric_name": "minus_loss",
        "occupy": 0.017269443720579147
      },
      "0.001": {
        "metric": -0.9713958254926256,
        "metric_name": "minus_loss",
        "occupy": 0.00834578089416027
      },
      "0.0005": {
        "metric": -0.974423362746766,
        "metric_name": "minus_loss",
        "occupy": 0.008346108719706535
      },
      "0.002": {
        "metric": -1.2428546883190403,
        "metric_name": "minus_loss",
        "occupy": 0.009740837849676609
      },
      "0.0002": {
        "metric": -0.9778406001442368,
        "metric_name": "minus_loss",
        "occupy": 0.008346345275640488
      }
    },
    "25.0": {
      "0.0001": {
        "metric": -5.639849408271942,
        "metric_name": "minus_loss",
        "occupy": 0.016595475375652313
      },
      "0.0002": {
        "metric": -3.1625603440568377,
        "metric_name": "minus_loss",
        "occupy": 0.008346565067768097
      },
      "0.0005": {
        "metric": -3.162455648400019,
        "metric_name": "minus_loss",
        "occupy": 0.00834578089416027
      },
      "0.001": {
        "metric": -3.162405204814878,
        "metric_name": "minus_loss",
        "occupy": 0.00834578089416027
      },
      "0.002": {
        "metric": -3.579134495369967,
        "metric_name": "minus_loss",
        "occupy": 0.00973521824926138
      }
    }
  }
}