{"occupies": [[0.4954681054999431, 0.4954884499311447, 0.4954762427757184, 0.49547624215483665, 0.4954398547609647], [0.49548844806849957, 0.4954884499311447, 0.4954762415339549, 0.49546403499941033, 0.49533813012142974], [0.49546019919216633, 0.495464035620292, 0.4954195097088814, 0.4953137164314588, 0.4951842116812865], [0.4929029444853465, 0.4915135881553094, 0.4891743293652932, 0.49022595832745236, 0.4901450468848149], [0.49002391037841636, 0.46979339824368554, 0.450928485331436, 0.45219006420423585, 0.45620178027699393], [0.47034790739417076, 0.46215661490956944, 0.46910816865662736, 0.4583454957852761, 0.46536641257504624]], "metrics": [[0.7491652019092204, 0.8108919604158771, 0.7743226074218924, 0.7831486362641547, 0.7739630717858412], [0.8086070199296744, 0.7911414909429565, 0.7896493782977474, 0.7892452590812888, 0.7923717337757805], [0.7678562203058035, 0.7708002492872652, 0.806067414952834, 0.7960140116909753, 0.7523121411673371], [0.7646324678495645, 0.736737388006073, 0.7780706428537545, 0.7774276432109479, 0.7646816878595574], [0.7678562203058035, 0.7429576453054171, 0.7460383188639698, 0.7651586445973887, 0.7740521503739999], [0.7399190162197603, 0.7306957363705759, 0.7335646366293577, 0.7179773429340337, 0.0]], "max_test_occupies": [0.4243320494890213, 0.4243246088425318, 0.4240668882926305, 0.41639223247766494, 0.38661088260511556, 0.3969987824559212], "max_test_metrics": [0.5676609066599885, 0.5715199776370171, 0.6026633753450452, 0.5525485959926528, 0.5532122564572604, 0.5483963207275208], "lambdas": [0.001, 0.01, 0.1, 1.0, 5.0, 25.0], "temperatures": [0.0001, 0.0002, 0.0005, 0.001, 0.002]}