{
  "max_test_occupies": [
    0.17351782321929932,
    0.24988378584384918,
    0.36325713992118835,
    0.42806506156921387,
    0.46053194999694824,
    0.4798906445503235
  ],
  "max_test_metrics": [
    0.664927536231884,
    0.664927536231884,
    0.8307246376811595,
    0.8347826086956521,
    0.8336231884057971,
    0.8428985507246377
  ],
  "lambdas": [
    0.001,
    0.01,
    0.1,
    1.0,
    5.0,
    25.0
  ],
  "temperatures": [
    0.0001,
    0.0002,
    0.0005,
    0.001,
    0.002
  ],
  "hparam": {
    "0.001": {
      "metric": -0.11416764006329079,
      "temperature": 0.002
    },
    "0.01": {
      "metric": -0.15496427255372205,
      "temperature": 0.0002
    },
    "0.1": {
      "metric": -0.6731160829464594,
      "temperature": 0.001
    },
    "1.0": {
      "metric": -4.654986540476481,
      "temperature": 0.0005
    },
    "5.0": {
      "metric": -16.930819511413574,
      "temperature": 0.002
    },
    "25.0": {
      "metric": -60.217795054117836,
      "temperature": 0.002
    }
  },
  "hparam_results": {
    "0.001": {
      "0.0001": {
        "metric": -0.3172406268616517,
        "metric_name": "minus_loss",
        "occupy": 0.5141056776046753
      },
      "0.0005": {
        "metric": -0.11619432189036161,
        "metric_name": "minus_loss",
        "occupy": 0.5117714405059814
      },
      "0.0002": {
        "metric": -0.13925833643103638,
        "metric_name": "minus_loss",
        "occupy": 0.5066511631011963
      },
      "0.001": {
        "metric": -0.14587317888314524,
        "metric_name": "minus_loss",
        "occupy": 0.5080142617225647
      },
      "0.002": {
        "metric": -0.11416764006329079,
        "metric_name": "minus_loss",
        "occupy": 0.5025550723075867
      }
    },
    "0.01": {
      "0.0001": {
        "metric": -0.1773968463142713,
        "metric_name": "minus_loss",
        "occupy": 0.493234783411026
      },
      "0.0002": {
        "metric": -0.15496427255372205,
        "metric_name": "minus_loss",
        "occupy": 0.49230465292930603
      },
      "0.0005": {
        "metric": -0.19956655707210302,
        "metric_name": "minus_loss",
        "occupy": 0.4852187931537628
      },
      "0.001": {
        "metric": -0.17363545515884957,
        "metric_name": "minus_loss",
        "occupy": 0.47245609760284424
      },
      "0.002": {
        "metric": -0.29898187580207986,
        "metric_name": "minus_loss",
        "occupy": 0.4702107608318329
      }
    },
    "0.1": {
      "0.0001": {
        "metric": -0.7360259095827738,
        "metric_name": "minus_loss",
        "occupy": 0.4716317355632782
      },
      "0.0002": {
        "metric": -0.7269644836584727,
        "metric_name": "minus_loss",
        "occupy": 0.45892319083213806
      },
      "0.0005": {
        "metric": -0.7986577053864797,
        "metric_name": "minus_loss",
        "occupy": 0.44543564319610596
      },
      "0.001": {
        "metric": -0.6731160829464594,
        "metric_name": "minus_loss",
        "occupy": 0.4350111484527588
      },
      "0.002": {
        "metric": -0.6779132336378098,
        "metric_name": "minus_loss",
        "occupy": 0.4411396384239197
      }
    },
    "1.0": {
      "0.0001": {
        "metric": -5.303746740023295,
        "metric_name": "minus_loss",
        "occupy": 0.4285234808921814
      },
      "0.0002": {
        "metric": -5.228326876958211,
        "metric_name": "minus_loss",
        "occupy": 0.4198566675186157
      },
      "0.0005": {
        "metric": -4.654986540476481,
        "metric_name": "minus_loss",
        "occupy": 0.37480562925338745
      },
      "0.001": {
        "metric": -4.956779837608337,
        "metric_name": "minus_loss",
        "occupy": 0.38991308212280273
      },
      "0.002": {
        "metric": -5.147008140881856,
        "metric_name": "minus_loss",
        "occupy": 0.4043729603290558
      }
    },
    "5.0": {
      "0.0001": {
        "metric": -24.99407974878947,
        "metric_name": "minus_loss",
        "occupy": 0.4124945402145386
      },
      "0.0002": {
        "metric": -24.465795675913494,
        "metric_name": "minus_loss",
        "occupy": 0.402635395526886
      },
      "0.0005": {
        "metric": -20.125674565633137,
        "metric_name": "minus_loss",
        "occupy": 0.32682719826698303
      },
      "0.001": {
        "metric": -30.344564119974773,
        "metric_name": "minus_loss",
        "occupy": 0.4955531358718872
      },
      "0.002": {
        "metric": -16.930819511413574,
        "metric_name": "minus_loss",
        "occupy": 0.2719961702823639
      }
    },
    "25.0": {
      "0.0001": {
        "metric": -130.60180536905924,
        "metric_name": "minus_loss",
        "occupy": 0.4349519610404968
      },
      "0.0002": {
        "metric": -122.21019999186198,
        "metric_name": "minus_loss",
        "occupy": 0.4066595733165741
      },
      "0.0005": {
        "metric": -111.04608790079753,
        "metric_name": "minus_loss",
        "occupy": 0.3681192696094513
      },
      "0.001": {
        "metric": -63.850877126057945,
        "metric_name": "minus_loss",
        "occupy": 0.21080023050308228
      },
      "0.002": {
        "metric": -60.217795054117836,
        "metric_name": "minus_loss",
        "occupy": 0.19868072867393494
      }
    }
  }
}