{
  "occupies": [
    [
      0.5011346936225891,
      0.49792739748954773,
      0.49758365750312805,
      0.488921582698822,
      0.4905417859554291
    ],
    [
      0.4778381586074829,
      0.4741135239601135,
      0.45630916953086853,
      0.437175989151001,
      0.44329962134361267
    ],
    [
      0.44842180609703064,
      0.448236882686615,
      0.41795894503593445,
      0.4215758740901947,
      0.3988805115222931
    ],
    [
      0.4225651025772095,
      0.35843637585639954,
      0.3452407717704773,
      0.3653635084629059,
      0.36730095744132996
    ],
    [
      0.3921513259410858,
      0.38390782475471497,
      0.23522315919399261,
      0.11861076951026917,
      0.08045969903469086
    ],
    [
      0.4107431173324585,
      0.3633914887905121,
      0.2225586324930191,
      0.07422598451375961,
      0.03125
    ]
  ],
  "metrics": [
    [
      0.9536784741144414,
      0.9536784741144414,
      0.9727520435967303,
      0.9536784741144414,
      0.9482288828337875
    ],
    [
      0.9536784741144414,
      0.9291553133514986,
      0.9591280653950953,
      0.9373297002724795,
      0.9455040871934605
    ],
    [
      0.9591280653950953,
      0.9237057220708447,
      0.9645776566757494,
      0.9455040871934605,
      0.9645776566757494
    ],
    [
      0.9536784741144414,
      0.9455040871934605,
      0.9291553133514986,
      0.9046321525885559,
      0.9237057220708447
    ],
    [
      0.9318801089918256,
      0.9482288828337875,
      0.8092643051771117,
      0.6920980926430518,
      0.6920980926430518
    ],
    [
      0.9291553133514986,
      0.8337874659400545,
      0.6430517711171662,
      0.6920980926430518,
      0.6920980926430518
    ]
  ],
  "max_test_occupies": [
    0.4839920699596405,
    0.4443565309047699,
    0.38795948028564453,
    0.4119217097759247,
    0.3753417432308197,
    0.400745689868927
  ],
  "max_test_metrics": [
    0.8539130434782609,
    0.847536231884058,
    0.8394202898550724,
    0.8371014492753623,
    0.8260869565217391,
    0.8359420289855073
  ],
  "lambdas": [
    0.001,
    0.01,
    0.1,
    1.0,
    5.0,
    25.0
  ],
  "temperatures": [
    0.0001,
    0.0002,
    0.0005,
    0.001,
    0.002
  ]
}