{
  "max_test_occupies": [
    0.13161465525627136,
    0.15652728080749512,
    0.2902488112449646,
    0.3529042601585388,
    0.37712639570236206,
    0.3777579963207245
  ],
  "max_test_metrics": [
    0.8324924544377786,
    0.8518172326001332,
    0.8868653450688448,
    0.8922624828079088,
    0.8919433902093099,
    0.8849516175548077
  ],
  "lambdas": [
    0.001,
    0.01,
    0.1,
    1.0,
    5.0,
    25.0
  ],
  "temperatures": [
    0.0001,
    0.0002,
    0.0005,
    0.001,
    0.002
  ],
  "hparam": {
    "0.001": {
      "metric": -0.44426456549101406,
      "temperature": 0.002
    },
    "0.01": {
      "metric": -0.4966251804596848,
      "temperature": 0.001
    },
    "0.1": {
      "metric": -1.0153372089068096,
      "temperature": 0.002
    },
    "1.0": {
      "metric": -4.639987323019239,
      "temperature": 0.0005
    },
    "5.0": {
      "metric": -17.98587105009291,
      "temperature": 0.002
    },
    "25.0": {
      "metric": -71.0881479051378,
      "temperature": 0.001
    }
  },
  "hparam_results": {
    "0.001": {
      "0.0002": {
        "metric": -0.4839880983862612,
        "metric_name": "minus_loss",
        "occupy": 0.47717970609664917
      },
      "0.0001": {
        "metric": -0.4718734195662869,
        "metric_name": "minus_loss",
        "occupy": 0.477121502161026
      },
      "0.0005": {
        "metric": -0.46085235021180576,
        "metric_name": "minus_loss",
        "occupy": 0.4769461154937744
      },
      "0.001": {
        "metric": -0.4661263521346781,
        "metric_name": "minus_loss",
        "occupy": 0.4768858551979065
      },
      "0.002": {
        "metric": -0.44426456549101406,
        "metric_name": "minus_loss",
        "occupy": 0.47689083218574524
      }
    },
    "0.01": {
      "0.0001": {
        "metric": -0.5349325757059786,
        "metric_name": "minus_loss",
        "occupy": 0.47692248225212097
      },
      "0.0002": {
        "metric": -0.5486880611214373,
        "metric_name": "minus_loss",
        "occupy": 0.4769265651702881
      },
      "0.0005": {
        "metric": -0.5200602983434995,
        "metric_name": "minus_loss",
        "occupy": 0.4767521023750305
      },
      "0.001": {
        "metric": -0.4966251804596848,
        "metric_name": "minus_loss",
        "occupy": 0.4766561985015869
      },
      "0.002": {
        "metric": -0.518575137688054,
        "metric_name": "minus_loss",
        "occupy": 0.4765060544013977
      }
    },
    "0.1": {
      "0.0001": {
        "metric": -1.0201114647918277,
        "metric_name": "minus_loss",
        "occupy": 0.47527676820755005
      },
      "0.0002": {
        "metric": -1.047162847386466,
        "metric_name": "minus_loss",
        "occupy": 0.472390353679657
      },
      "0.0005": {
        "metric": -1.0199999262889226,
        "metric_name": "minus_loss",
        "occupy": 0.47137436270713806
      },
      "0.001": {
        "metric": -1.0321431010961533,
        "metric_name": "minus_loss",
        "occupy": 0.4713440537452698
      },
      "0.002": {
        "metric": -1.0153372089068096,
        "metric_name": "minus_loss",
        "occupy": 0.46746233105659485
      }
    },
    "1.0": {
      "0.0001": {
        "metric": -5.6254733138614235,
        "metric_name": "minus_loss",
        "occupy": 0.42440858483314514
      },
      "0.0002": {
        "metric": -5.304715461201138,
        "metric_name": "minus_loss",
        "occupy": 0.4019150137901306
      },
      "0.0005": {
        "metric": -4.639987323019239,
        "metric_name": "minus_loss",
        "occupy": 0.34348833560943604
      },
      "0.001": {
        "metric": -4.812279091940986,
        "metric_name": "minus_loss",
        "occupy": 0.35843339562416077
      },
      "0.002": {
        "metric": -4.723073071903652,
        "metric_name": "minus_loss",
        "occupy": 0.34815096855163574
      }
    },
    "5.0": {
      "0.0001": {
        "metric": -19.448199166191948,
        "metric_name": "minus_loss",
        "occupy": 0.3148430287837982
      },
      "0.0002": {
        "metric": -22.79583952162001,
        "metric_name": "minus_loss",
        "occupy": 0.3708782196044922
      },
      "0.0005": {
        "metric": -18.949951966603596,
        "metric_name": "minus_loss",
        "occupy": 0.3068443834781647
      },
      "0.001": {
        "metric": -19.132414023081463,
        "metric_name": "minus_loss",
        "occupy": 0.3090973496437073
      },
      "0.002": {
        "metric": -17.98587105009291,
        "metric_name": "minus_loss",
        "occupy": 0.28798162937164307
      }
    },
    "25.0": {
      "0.0001": {
        "metric": -100.91090265909831,
        "metric_name": "minus_loss",
        "occupy": 0.3344793915748596
      },
      "0.0002": {
        "metric": -95.39110904269748,
        "metric_name": "minus_loss",
        "occupy": 0.3160237669944763
      },
      "0.0005": {
        "metric": -85.03967242770725,
        "metric_name": "minus_loss",
        "occupy": 0.28140395879745483
      },
      "0.001": {
        "metric": -71.0881479051378,
        "metric_name": "minus_loss",
        "occupy": 0.23402507603168488
      },
      "0.002": {
        "metric": -80.89394166734483,
        "metric_name": "minus_loss",
        "occupy": 0.2651904821395874
      }
    }
  }
}