{"occupies": [[0.4942786395549774, 0.494255393743515, 0.49421823024749756, 0.4941577613353729, 0.49415767192840576], [0.49426934123039246, 0.49350669980049133, 0.494255393743515, 0.49406933784484863, 0.4936274588108063], [0.49381816387176514, 0.49392983317375183, 0.4909746050834656, 0.49130013585090637, 0.48655176162719727], [0.46518391370773315, 0.46829327940940857, 0.45642077922821045, 0.43445369601249695, 0.43718641996383667], [0.47528767585754395, 0.461455762386322, 0.4376293122768402, 0.42142805457115173, 0.48547986149787903], [0.46391820907592773, 0.4767701327800751, 0.4584701359272003, 0.37387320399284363, 0.3471698760986328]], "metrics": [[0.7366967662719445, 0.7617493688257656, 0.7055509244132518, 0.7440880625369439, 0.7530453151314669], [0.7495356658656901, 0.7553606635816946, 0.7617493688257656, 0.7639586564277799, 0.7440880625369439], [0.7183550972674285, 0.7598290702420032, 0.7243908041661952, 0.7155766534046978, 0.7084354510327445], [0.7863952574527506, 0.7377731173315931, 0.7695565644006332, 0.6833947904318668, 0.7118576461496657], [0.7167053267337018, 0.7310123558945654, 0.6872369866759674, 0.7035827908764866, 0.0], [0.7288186561996235, 0.6920762021962519, 0.0, 0.0, 0.0]], "max_test_occupies": [0.3602856695652008, 0.3598937392234802, 0.35951751470565796, 0.3383237421512604, 0.3360862731933594, 0.3365016281604767], "max_test_metrics": [0.5779057511117575, 0.5633840892174439, 0.5822579998058149, 0.6085787758080726, 0.5632084517291658, 0.5777940781336061], "lambdas": [0.001, 0.01, 0.1, 1.0, 5.0, 25.0], "temperatures": [0.0001, 0.0002, 0.0005, 0.001, 0.002]}