{"occupies": [[0.23120793073451348, 0.23097637440497276, 0.23092079819378694, 0.23083383619997175, 0.22957051394722097], [0.22994401782021326, 0.22934195362796528, 0.22820679622144685, 0.22744153302874986, 0.22461911232621184], [0.21169228010515184, 0.2104470253485074, 0.20826166759776232, 0.20208232504673196, 0.19742396301744392], [0.19704458871665065, 0.1897930124124268, 0.1838653109788212, 0.1796292840984266, 0.15505891300937952], [0.20410453337487452, 0.18220259162846006, 0.18492517720372378, 0.1570378229239776, 0.2035651661464459], [0.18019624011323304, 0.21644366152972971, 0.06521667331298239, 0.0353116544925771, 0.01765582724628855]], "metrics": [[0.9680772086117297, 0.964513734224202, 0.9646622123236822, 0.9642167780252413, 0.9639198218262807], [0.9588715664439496, 0.9652561247216036, 0.9658500371195249, 0.9630289532293986, 0.9652561247216036], [0.9646622123236822, 0.9616926503340757, 0.9582776540460282, 0.9624350408314774, 0.9420935412026726], [0.960950259836674, 0.9618411284335561, 0.9542687453600593, 0.9293244246473645, 0.9137342242019302], [0.9446176688938381, 0.9557535263548627, 0.9523385300668151, 0.5616926503340757, 0.8760207869339273], [0.5606533036377135, 0.8409799554565701, 0.5606533036377135, 0.5606533036377135, 0.5606533036377135]], "max_test_occupies": [0.45039230097262634, 0.4376471039972135, 0.3885873109323993, 0.33057358158042743, 0.2999475682486913, 0.3899451981165579], "max_test_metrics": [0.911697247706422, 0.9311926605504587, 0.9059633027522935, 0.875, 0.8612385321100917, 0.7557339449541285], "lambdas": [0.001, 0.01, 0.1, 1.0, 5.0, 25.0], "temperatures": [0.0001, 0.0002, 0.0005, 0.001, 0.002]}