{
  "max_test_occupies": [
    0.099055714905262,
    0.27552640438079834,
    0.2757398188114166,
    0.31687435507774353,
    0.346343070268631,
    0.34636005759239197
  ],
  "max_test_metrics": [
    0.0,
    0.5601668097291345,
    0.5293023756875906,
    0.492690218631216,
    0.5179481406500624,
    0.5342661861783563
  ],
  "lambdas": [
    0.001,
    0.01,
    0.1,
    1.0,
    5.0,
    25.0
  ],
  "temperatures": [
    0.0001,
    0.0002,
    0.0005,
    0.001,
    0.002
  ],
  "hparam": {
    "0.001": {
      "metric": -0.4571359511982236,
      "temperature": 0.002
    },
    "0.01": {
      "metric": -0.5086791358060307,
      "temperature": 0.001
    },
    "0.1": {
      "metric": -1.1760465326132599,
      "temperature": 0.002
    },
    "1.0": {
      "metric": -5.478659170645255,
      "temperature": 0.002
    },
    "5.0": {
      "metric": -14.80041468584979,
      "temperature": 0.002
    },
    "25.0": {
      "metric": -56.71434374208803,
      "temperature": 0.002
    }
  },
  "hparam_results": {
    "0.001": {
      "0.0002": {
        "metric": -0.516641529518421,
        "metric_name": "minus_loss",
        "occupy": 0.4938240945339203
      },
      "0.0001": {
        "metric": -0.5624747284239641,
        "metric_name": "minus_loss",
        "occupy": 0.4939158856868744
      },
      "0.0005": {
        "metric": -0.5104376686805928,
        "metric_name": "minus_loss",
        "occupy": 0.4938001334667206
      },
      "0.001": {
        "metric": -0.4921138769843512,
        "metric_name": "minus_loss",
        "occupy": 0.4939351975917816
      },
      "0.002": {
        "metric": -0.4571359511982236,
        "metric_name": "minus_loss",
        "occupy": 0.4935058355331421
      }
    },
    "0.01": {
      "0.0001": {
        "metric": -0.6639154249871219,
        "metric_name": "minus_loss",
        "occupy": 0.4938339293003082
      },
      "0.0002": {
        "metric": -0.6539276669974681,
        "metric_name": "minus_loss",
        "occupy": 0.49365049600601196
      },
      "0.0005": {
        "metric": -0.63024859295951,
        "metric_name": "minus_loss",
        "occupy": 0.4938724637031555
      },
      "0.001": {
        "metric": -0.5086791358060307,
        "metric_name": "minus_loss",
        "occupy": 0.4936891198158264
      },
      "0.002": {
        "metric": -0.611309821958895,
        "metric_name": "minus_loss",
        "occupy": 0.4929802417755127
      }
    },
    "0.1": {
      "0.0001": {
        "metric": -1.2749709376582392,
        "metric_name": "minus_loss",
        "occupy": 0.49369877576828003
      },
      "0.0002": {
        "metric": -1.202927620322616,
        "metric_name": "minus_loss",
        "occupy": 0.49310073256492615
      },
      "0.0005": {
        "metric": -1.2711238419568096,
        "metric_name": "minus_loss",
        "occupy": 0.49343833327293396
      },
      "0.001": {
        "metric": -1.2630711286156266,
        "metric_name": "minus_loss",
        "occupy": 0.4874182343482971
      },
      "0.002": {
        "metric": -1.1760465326132599,
        "metric_name": "minus_loss",
        "occupy": 0.4876191020011902
      }
    },
    "1.0": {
      "0.0001": {
        "metric": -6.099367777506511,
        "metric_name": "minus_loss",
        "occupy": 0.4575638473033905
      },
      "0.0002": {
        "metric": -6.0250985180890115,
        "metric_name": "minus_loss",
        "occupy": 0.46291449666023254
      },
      "0.0005": {
        "metric": -6.134182400173611,
        "metric_name": "minus_loss",
        "occupy": 0.46302664279937744
      },
      "0.001": {
        "metric": -5.705612906703243,
        "metric_name": "minus_loss",
        "occupy": 0.41165900230407715
      },
      "0.002": {
        "metric": -5.478659170645255,
        "metric_name": "minus_loss",
        "occupy": 0.40368881821632385
      }
    },
    "5.0": {
      "0.0001": {
        "metric": -27.449122464215314,
        "metric_name": "minus_loss",
        "occupy": 0.44910258054733276
      },
      "0.0002": {
        "metric": -25.799405486495406,
        "metric_name": "minus_loss",
        "occupy": 0.4215922951698303
      },
      "0.0005": {
        "metric": -24.47376456084075,
        "metric_name": "minus_loss",
        "occupy": 0.39997321367263794
      },
      "0.002": {
        "metric": -14.80041468584979,
        "metric_name": "minus_loss",
        "occupy": 0.23677152395248413
      },
      "0.001": {
        "metric": -24.654726522940177,
        "metric_name": "minus_loss",
        "occupy": 0.40209507942199707
      }
    },
    "25.0": {
      "0.0001": {
        "metric": -144.4012962623879,
        "metric_name": "minus_loss",
        "occupy": 0.4799533784389496
      },
      "0.0002": {
        "metric": -148.8569098578559,
        "metric_name": "minus_loss",
        "occupy": 0.4942099153995514
      },
      "0.0005": {
        "metric": -94.02777919062862,
        "metric_name": "minus_loss",
        "occupy": 0.3114282488822937
      },
      "0.001": {
        "metric": -65.738220638699,
        "metric_name": "minus_loss",
        "occupy": 0.21714498102664948
      },
      "0.002": {
        "metric": -56.71434374208803,
        "metric_name": "minus_loss",
        "occupy": 0.18706505000591278
      }
    }
  }
}