{
  "max_test_occupies": [
    0.2560480535030365,
    0.2569645047187805,
    0.26636430621147156,
    0.32414963841438293,
    0.3463045358657837,
    0.34669777750968933
  ],
  "max_test_metrics": [
    0.4225352112676056,
    0.5633802816901409,
    0.4084507042253521,
    0.18309859154929578,
    0.22535211267605634,
    0.23943661971830985
  ],
  "lambdas": [
    0.001,
    0.01,
    0.1,
    1.0,
    5.0,
    25.0
  ],
  "temperatures": [
    0.0001,
    0.0002,
    0.0005,
    0.001,
    0.002
  ],
  "hparam": {
    "0.001": {
      "metric": -0.8597382307052612,
      "temperature": 0.0005
    },
    "0.01": {
      "metric": -0.993925154209137,
      "temperature": 0.001
    },
    "0.1": {
      "metric": -1.0543330311775208,
      "temperature": 0.002
    },
    "1.0": {
      "metric": -4.015415787696838,
      "temperature": 0.002
    },
    "5.0": {
      "metric": -17.572291374206543,
      "temperature": 0.002
    },
    "25.0": {
      "metric": -89.0295524597168,
      "temperature": 0.001
    }
  },
  "hparam_results": {
    "0.001": {
      "0.0001": {
        "metric": -0.9895559847354889,
        "metric_name": "minus_loss",
        "occupy": 0.38151034712791443
      },
      "0.0002": {
        "metric": -1.0161214172840118,
        "metric_name": "minus_loss",
        "occupy": 0.38340815901756287
      },
      "0.0005": {
        "metric": -0.8597382307052612,
        "metric_name": "minus_loss",
        "occupy": 0.3770500421524048
      },
      "0.001": {
        "metric": -1.1044493317604065,
        "metric_name": "minus_loss",
        "occupy": 0.382022887468338
      },
      "0.002": {
        "metric": -1.012904703617096,
        "metric_name": "minus_loss",
        "occupy": 0.3820783197879791
      }
    },
    "0.01": {
      "0.0001": {
        "metric": -1.0927088856697083,
        "metric_name": "minus_loss",
        "occupy": 0.38026368618011475
      },
      "0.0002": {
        "metric": -1.0288209915161133,
        "metric_name": "minus_loss",
        "occupy": 0.3808039724826813
      },
      "0.0005": {
        "metric": -1.1769669651985168,
        "metric_name": "minus_loss",
        "occupy": 0.3712875545024872
      },
      "0.001": {
        "metric": -0.993925154209137,
        "metric_name": "minus_loss",
        "occupy": 0.3788923919200897
      },
      "0.002": {
        "metric": -1.1887845396995544,
        "metric_name": "minus_loss",
        "occupy": 0.37821364402770996
      }
    },
    "0.1": {
      "0.0001": {
        "metric": -1.367038071155548,
        "metric_name": "minus_loss",
        "occupy": 0.3705119788646698
      },
      "0.0002": {
        "metric": -1.3673192262649536,
        "metric_name": "minus_loss",
        "occupy": 0.36806008219718933
      },
      "0.0005": {
        "metric": -1.3267228603363037,
        "metric_name": "minus_loss",
        "occupy": 0.3664533197879791
      },
      "0.001": {
        "metric": -1.3534939289093018,
        "metric_name": "minus_loss",
        "occupy": 0.3577265739440918
      },
      "0.002": {
        "metric": -1.0543330311775208,
        "metric_name": "minus_loss",
        "occupy": 0.30682066082954407
      }
    },
    "1.0": {
      "0.0001": {
        "metric": -5.067750692367554,
        "metric_name": "minus_loss",
        "occupy": 0.3563552796840668
      },
      "0.0002": {
        "metric": -4.967973470687866,
        "metric_name": "minus_loss",
        "occupy": 0.35123002529144287
      },
      "0.0005": {
        "metric": -4.530277252197266,
        "metric_name": "minus_loss",
        "occupy": 0.31704339385032654
      },
      "0.001": {
        "metric": -4.239261150360107,
        "metric_name": "minus_loss",
        "occupy": 0.2973320782184601
      },
      "0.002": {
        "metric": -4.015415787696838,
        "metric_name": "minus_loss",
        "occupy": 0.2766234576702118
      }
    },
    "5.0": {
      "0.0001": {
        "metric": -21.977641105651855,
        "metric_name": "minus_loss",
        "occupy": 0.35416659712791443
      },
      "0.0005": {
        "metric": -19.320345878601074,
        "metric_name": "minus_loss",
        "occupy": 0.31050530076026917
      },
      "0.0002": {
        "metric": -20.91726779937744,
        "metric_name": "minus_loss",
        "occupy": 0.3365192413330078
      },
      "0.001": {
        "metric": -18.309679985046387,
        "metric_name": "minus_loss",
        "occupy": 0.2936752140522003
      },
      "0.002": {
        "metric": -17.572291374206543,
        "metric_name": "minus_loss",
        "occupy": 0.28130537271499634
      }
    },
    "25.0": {
      "0.0001": {
        "metric": -108.69797134399414,
        "metric_name": "minus_loss",
        "occupy": 0.3599013388156891
      },
      "0.0002": {
        "metric": -105.38611602783203,
        "metric_name": "minus_loss",
        "occupy": 0.34887516498565674
      },
      "0.0005": {
        "metric": -95.82891082763672,
        "metric_name": "minus_loss",
        "occupy": 0.31711265444755554
      },
      "0.001": {
        "metric": -89.0295524597168,
        "metric_name": "minus_loss",
        "occupy": 0.2944508492946625
      },
      "0.002": {
        "metric": -95.55099487304688,
        "metric_name": "minus_loss",
        "occupy": 0.31621235609054565
      }
    }
  }
}