{
  "max_test_occupies": [
    0.2835390269756317,
    0.2945094108581543,
    0.2957278788089752,
    0.29623663425445557
  ],
  "max_test_metrics": [
    0.9055464030752334,
    0.9051803038623467,
    0.9035328574043566,
    0.8960278235401794
  ],
  "lambdas": [
    1e-05,
    0.0001,
    0.001,
    0.01
  ],
  "temperatures": [
    0.0002,
    0.001
  ],
  "hparam": {
    "1e-05": {
      "metric": -0.16698278733854527,
      "temperature": 0.0002
    },
    "0.0001": {
      "metric": -0.15785193717743348,
      "temperature": 0.001
    },
    "0.001": {
      "metric": -0.16197360041849998,
      "temperature": 0.001
    },
    "0.01": {
      "metric": -0.18867689948287195,
      "temperature": 0.001
    }
  },
  "hparam_results": {
    "1e-05": {
      "0.001": {
        "metric": -0.1730404544797107,
        "metric_name": "minus_loss",
        "occupy": 0.4791100025177002
      },
      "0.0002": {
        "metric": -0.16698278733854527,
        "metric_name": "minus_loss",
        "occupy": 0.2732803225517273
      }
    },
    "0.0001": {
      "0.0002": {
        "metric": -0.1652106969808577,
        "metric_name": "minus_loss",
        "occupy": 0.2731848359107971
      },
      "0.001": {
        "metric": -0.15785193717743348,
        "metric_name": "minus_loss",
        "occupy": 0.27370768785476685
      }
    },
    "0.001": {
      "0.0002": {
        "metric": -0.1730260049827175,
        "metric_name": "minus_loss",
        "occupy": 0.2726246416568756
      },
      "0.001": {
        "metric": -0.16197360041849998,
        "metric_name": "minus_loss",
        "occupy": 0.273305743932724
      }
    },
    "0.01": {
      "0.0002": {
        "metric": -0.19257543980541883,
        "metric_name": "minus_loss",
        "occupy": 0.27013352513313293
      },
      "0.001": {
        "metric": -0.18867689948287195,
        "metric_name": "minus_loss",
        "occupy": 0.26300275325775146
      }
    }
  }
}