{"occupies": [[0.5092025204665132, 0.5108676888048649, 0.5112128295004368, 0.5111856555773152, 0.5053850089510282], [0.5013590926925341, 0.49457577243447304, 0.48816669711636174, 0.48969920972983044, 0.4930904371043046], [0.47969738352629876, 0.47609496033853954, 0.4651663980136315, 0.4718361583848794, 0.45670386196838486], [0.4533232669863436, 0.4316058152148293, 0.40861109571738374, 0.402758549588422, 0.4429418067965243], [0.4523199130263593, 0.44471928342762923, 0.32435549956022036, 0.3627509893849492, 0.38220470315880245], [0.4638771547211541, 0.422776735905144, 0.421423331523935, 0.3158794993327724, 0.4711568800525533]], "metrics": [[0.9618528610354223, 0.9618528610354223, 0.9673024523160763, 0.9673024523160763, 0.9618528610354223], [0.9700272479564033, 0.9455040871934605, 0.9400544959128065, 0.8419618528610354, 0.8119891008174387], [0.9727520435967303, 0.9618528610354223, 0.9591280653950953, 0.9264305177111717, 0.8991825613079019], [0.9318801089918256, 0.9536784741144414, 0.9318801089918256, 0.9237057220708447, 0.8801089918256131], [0.8337874659400545, 0.9427792915531336, 0.6457765667574932, 0.7683923705722071, 0.6920980926430518], [0.8528610354223434, 0.7002724795640327, 0.6839237057220708, 0.6920980926430518, 0.6920980926430518]], "max_test_occupies": [0.49716737231722585, 0.4880208014338105, 0.4668040077811406, 0.4212169821753546, 0.43388602346825744, 0.4515161071386602], "max_test_metrics": [0.8376811594202899, 0.8486956521739131, 0.8359420289855073, 0.8417391304347827, 0.832463768115942, 0.7884057971014493], "lambdas": [0.001, 0.01, 0.1, 1.0, 5.0, 25.0], "temperatures": [0.0001, 0.0002, 0.0005, 0.001, 0.002]}