{"occupies": [[0.20617967259126688, 0.20637866608741876, 0.2059388081993135, 0.204686620700437, 0.20036601860593928], [0.19279722739203178, 0.19215760738123713, 0.1920774140456908, 0.1901471347173415, 0.1853203893956161], [0.1030249428457174, 0.08579243272288888, 0.10009149026613767, 0.13262854249886985, 0.1300777144439906], [0.0044408901876690455, 0.0028631539713233557, 0.0042492814013845946, 0.0032852058430998567, 0.0020667264581865938], [0.016308102164834377, 0.0052774057068319, 0.04535068990019629, 0.0052774057068319, 0.0052774057068319], [0.006548216206958997, 0.0052774057068319, 0.0052774057068319, 0.0052774057068319, 0.0052774057068319]], "metrics": [[0.83841059602649, 0.8393275598573612, 0.8431991849210392, 0.8396332144676516, 0.8397350993377484], [0.8268976057055527, 0.8361691288843607, 0.8313805399898115, 0.8058074375955171, 0.7955170657157412], [0.5705552725420275, 0.5799286805909323, 0.44921039225674986, 0.5942944472745797, 0.5787060621497707], [0.32429954151808454, 0.3261334691798268, 0.3291900152827305, 0.3291900152827305, 0.3238920020376974], [0.34651044319918495, 0.3544574630667346, 0.33937850229240957, 0.3544574630667346, 0.3544574630667346], [0.3544574630667346, 0.3544574630667346, 0.3544574630667346, 0.3544574630667346, 0.3544574630667346]], "lambdas": [0.001, 0.01, 0.1, 1.0, 5.0, 25.0], "temperatures": [0.0001, 0.0002, 0.0005, 0.001, 0.002]}