{
  "max_test_occupies": [
    0.005277557298541069,
    0.018595298752188683,
    0.19812774658203125,
    0.20635370910167694
  ],
  "max_test_metrics": [
    0.3544574630667346,
    0.5875700458481915,
    0.8327050433010698,
    0.8302598064187469
  ],
  "lambdas": [
    1e-05,
    0.01,
    1.0,
    15.0
  ],
  "temperatures": [
    0.0002,
    0.001
  ],
  "hparam": {
    "0.01": {
      "metric": -0.3693371026248937,
      "temperature": 0.0002
    },
    "1e-05": {
      "metric": -0.34500411691634625,
      "temperature": 0.001
    },
    "1.0": {
      "metric": -1.1057026100683223,
      "temperature": 0.001
    },
    "15.0": {
      "metric": -2.08193690333888,
      "temperature": 0.001
    }
  },
  "hparam_results": {
    "0.01": {
      "0.0002": {
        "metric": -0.3693371026248937,
        "metric_name": "minus_loss",
        "occupy": 0.20834457874298096
      },
      "0.001": {
        "metric": -0.3767258775012405,
        "metric_name": "minus_loss",
        "occupy": 0.20593857765197754
      }
    },
    "1e-05": {
      "0.001": {
        "metric": -0.34500411691634625,
        "metric_name": "minus_loss",
        "occupy": 0.21740712225437164
      },
      "0.0002": {
        "metric": -0.3453040847058668,
        "metric_name": "minus_loss",
        "occupy": 0.21714486181735992
      }
    },
    "1.0": {
      "0.0002": {
        "metric": -1.6597374484267782,
        "metric_name": "minus_loss",
        "occupy": 0.09136354923248291
      },
      "0.001": {
        "metric": -1.1057026100683223,
        "metric_name": "minus_loss",
        "occupy": 0.018424656242132187
      }
    },
    "15.0": {
      "0.0002": {
        "metric": -2.0822553331824274,
        "metric_name": "minus_loss",
        "occupy": 0.005427294876426458
      },
      "0.001": {
        "metric": -2.08193690333888,
        "metric_name": "minus_loss",
        "occupy": 0.005427294876426458
      }
    }
  }
}