{
  "occupies": [
    [
      0.47666892409324646,
      0.4771171808242798,
      0.4769915044307709,
      0.4771501421928406,
      0.47654756903648376
    ],
    [
      0.475763738155365,
      0.4761289954185486,
      0.476145476102829,
      0.47634559869766235,
      0.475127637386322
    ],
    [
      0.4388265907764435,
      0.45820096135139465,
      0.4459725022315979,
      0.44902533292770386,
      0.4365008771419525
    ],
    [
      0.36040157079696655,
      0.35128724575042725,
      0.30754590034484863,
      0.30789291858673096,
      0.2591446340084076
    ],
    [
      0.46911346912384033,
      0.3328379988670349,
      0.2252536118030548,
      0.23418815433979034,
      0.15318675339221954
    ],
    [
      0.34139591455459595,
      0.2804068624973297,
      0.2028415948152542,
      0.059401340782642365,
      0.022727305069565773
    ]
  ],
  "metrics": [
    [
      0.9054670365423888,
      0.9071940760615521,
      0.8996391268240476,
      0.9051399146617001,
      0.905282525452952
    ],
    [
      0.8951777701779511,
      0.9068211735199966,
      0.8963749062957228,
      0.9063822765047944,
      0.9054576143182456
    ],
    [
      0.8892660200212638,
      0.8947529729052629,
      0.8987031760756757,
      0.9033657323313667,
      0.9093780337291828
    ],
    [
      0.8946406238351445,
      0.8979207850048756,
      0.8955177481603658,
      0.8885700511228296,
      0.8819651316459932
    ],
    [
      0.22570934962933006,
      0.8901990660870561,
      0.8325818442179383,
      0.8445848134070126,
      0.8096229696363033
    ],
    [
      0.8069796842634502,
      0.8793107303508872,
      0.05362859807422372,
      -0.03305327429138158,
      -0.05044402944677121
    ]
  ],
  "max_test_occupies": [
    0.3798351585865021,
    0.3736618459224701,
    0.3186003267765045,
    0.2638813257217407,
    0.2448732852935791,
    0.18645527958869934
  ],
  "max_test_metrics": [
    0.8936800519115281,
    0.8957909532047296,
    0.8884994310853728,
    0.886002717466891,
    0.8805012391377817,
    0.8634510829391564
  ],
  "lambdas": [
    0.001,
    0.01,
    0.1,
    1.0,
    5.0,
    25.0
  ],
  "temperatures": [
    0.0001,
    0.0002,
    0.0005,
    0.001,
    0.002
  ]
}