{
  "max_test_occupies": [
    0.13072708249092102,
    0.15268917381763458,
    0.1907000094652176,
    0.2316184788942337,
    0.2370195835828781,
    0.23827658593654633
  ],
  "max_test_metrics": [
    0.5956678700361011,
    0.4729241877256318,
    0.6931407942238267,
    0.6967509025270758,
    0.7075812274368231,
    0.7075812274368231
  ],
  "lambdas": [
    0.001,
    0.01,
    0.1,
    1.0,
    5.0,
    25.0
  ],
  "temperatures": [
    0.0001,
    0.0002,
    0.0005,
    0.001,
    0.002
  ],
  "hparam": {
    "0.001": {
      "metric": -0.16933274979965063,
      "temperature": 0.0001
    },
    "0.01": {
      "metric": -0.2015413186745718,
      "temperature": 0.001
    },
    "0.1": {
      "metric": -0.5706426510587335,
      "temperature": 0.0005
    },
    "1.0": {
      "metric": -3.1209084168076515,
      "temperature": 0.001
    },
    "5.0": {
      "metric": -7.229307919740677,
      "temperature": 0.001
    },
    "25.0": {
      "metric": -33.41979467868805,
      "temperature": 0.0005
    }
  },
  "hparam_results": {
    "0.001": {
      "0.0001": {
        "metric": -0.16933274979965063,
        "metric_name": "minus_loss",
        "occupy": 0.2949552834033966
      },
      "0.0002": {
        "metric": -0.23140367955784313,
        "metric_name": "minus_loss",
        "occupy": 0.29481393098831177
      },
      "0.0005": {
        "metric": -0.24032572098076344,
        "metric_name": "minus_loss",
        "occupy": 0.2964240610599518
      },
      "0.001": {
        "metric": -0.2389476543175988,
        "metric_name": "minus_loss",
        "occupy": 0.3001747727394104
      },
      "0.002": {
        "metric": -0.22514835008769296,
        "metric_name": "minus_loss",
        "occupy": 0.5014354586601257
      }
    },
    "0.01": {
      "0.0001": {
        "metric": -0.3312530867406167,
        "metric_name": "minus_loss",
        "occupy": 0.2973848879337311
      },
      "0.0002": {
        "metric": -0.2370127127505839,
        "metric_name": "minus_loss",
        "occupy": 0.29398033022880554
      },
      "0.0005": {
        "metric": -0.22772861272096634,
        "metric_name": "minus_loss",
        "occupy": 0.2964828312397003
      },
      "0.001": {
        "metric": -0.2015413186745718,
        "metric_name": "minus_loss",
        "occupy": 0.29812148213386536
      },
      "0.002": {
        "metric": -0.2198218867997639,
        "metric_name": "minus_loss",
        "occupy": 0.29808512330055237
      }
    },
    "0.1": {
      "0.0001": {
        "metric": -0.625264317728579,
        "metric_name": "minus_loss",
        "occupy": 0.28586605191230774
      },
      "0.0002": {
        "metric": -0.6307356916368008,
        "metric_name": "minus_loss",
        "occupy": 0.28457507491111755
      },
      "0.0005": {
        "metric": -0.5706426510587335,
        "metric_name": "minus_loss",
        "occupy": 0.288662314414978
      },
      "0.001": {
        "metric": -0.6102427393198013,
        "metric_name": "minus_loss",
        "occupy": 0.28801456093788147
      },
      "0.002": {
        "metric": -0.6210277508944273,
        "metric_name": "minus_loss",
        "occupy": 0.2820218503475189
      }
    },
    "1.0": {
      "0.0001": {
        "metric": -3.467880316078663,
        "metric_name": "minus_loss",
        "occupy": 0.2619047164916992
      },
      "0.0002": {
        "metric": -3.2853752821683884,
        "metric_name": "minus_loss",
        "occupy": 0.24922358989715576
      },
      "0.0005": {
        "metric": -3.2861712351441383,
        "metric_name": "minus_loss",
        "occupy": 0.24303855001926422
      },
      "0.001": {
        "metric": -3.1209084168076515,
        "metric_name": "minus_loss",
        "occupy": 0.23791749775409698
      },
      "0.002": {
        "metric": -3.1656704023480415,
        "metric_name": "minus_loss",
        "occupy": 0.23996911942958832
      }
    },
    "5.0": {
      "0.0001": {
        "metric": -15.176425248384476,
        "metric_name": "minus_loss",
        "occupy": 0.2472243756055832
      },
      "0.0002": {
        "metric": -14.482346206903458,
        "metric_name": "minus_loss",
        "occupy": 0.23415426909923553
      },
      "0.0005": {
        "metric": -13.124863117933273,
        "metric_name": "minus_loss",
        "occupy": 0.21211101114749908
      },
      "0.002": {
        "metric": -11.42455381155014,
        "metric_name": "minus_loss",
        "occupy": 0.17886967957019806
      },
      "0.001": {
        "metric": -7.229307919740677,
        "metric_name": "minus_loss",
        "occupy": 0.10893354564905167
      }
    },
    "25.0": {
      "0.0001": {
        "metric": -70.77425396442413,
        "metric_name": "minus_loss",
        "occupy": 0.23472274839878082
      },
      "0.0002": {
        "metric": -57.398014307022095,
        "metric_name": "minus_loss",
        "occupy": 0.18901322782039642
      },
      "0.0005": {
        "metric": -33.41979467868805,
        "metric_name": "minus_loss",
        "occupy": 0.10909077525138855
      },
      "0.001": {
        "metric": -49.56968569755554,
        "metric_name": "minus_loss",
        "occupy": 0.16291607916355133
      },
      "0.002": {
        "metric": -41.90017926692963,
        "metric_name": "minus_loss",
        "occupy": 0.137358620762825
      }
    }
  }
}