{
  "occupies": [
    [
      0.4940462112426758,
      0.4941299259662628,
      0.49395307898521423,
      0.49398091435432434,
      0.49393919110298157
    ],
    [
      0.49411121010780334,
      0.49402761459350586,
      0.49416255950927734,
      0.4938414990901947,
      0.4930601716041565
    ],
    [
      0.4938321113586426,
      0.49336716532707214,
      0.49330198764801025,
      0.48911428451538086,
      0.4886507987976074
    ],
    [
      0.4554583430290222,
      0.4600590467453003,
      0.46113187074661255,
      0.4052633047103882,
      0.4058128297328949
    ],
    [
      0.44397491216659546,
      0.45179104804992676,
      0.4091295003890991,
      0.2612823247909546,
      0.2962733507156372
    ],
    [
      0.45394670963287354,
      0.4719899892807007,
      0.22779560089111328,
      0.19709791243076324,
      0.15055522322654724
    ]
  ],
  "metrics": [
    [
      0.7178860160717886,
      0.7573005308082715,
      0.7556425173457278,
      0.7367754099962711,
      0.7740521503739999
    ],
    [
      0.7499061432080791,
      0.764754571047261,
      0.6989175237368808,
      0.6958420249579381,
      0.7589172032401597
    ],
    [
      0.7021743435265838,
      0.7118341847361996,
      0.7368660559221497,
      0.7147321640701476,
      0.7304524865241084
    ],
    [
      0.6442054653855157,
      0.6926015025447176,
      0.7178860160717886,
      0.7618791685637314,
      0.7436196958483288
    ],
    [
      0.7221824080928123,
      0.7467642939594492,
      0.676627303367749,
      0.0,
      0.0
    ],
    [
      0.7460471334038525,
      0.712629545180158,
      0.0,
      0.0,
      0.0
    ]
  ],
  "max_test_occupies": [
    0.359995573759079,
    0.3601715862751007,
    0.3588429093360901,
    0.29360431432724,
    0.3279544711112976,
    0.3298584818840027
  ],
  "max_test_metrics": [
    0.5393878269002617,
    0.5321096681799615,
    0.557314902649449,
    0.5192085164065599,
    0.5773829468741973,
    0.5181030951855673
  ],
  "lambdas": [
    0.001,
    0.01,
    0.1,
    1.0,
    5.0,
    25.0
  ],
  "temperatures": [
    0.0001,
    0.0002,
    0.0005,
    0.001,
    0.002
  ]
}