{
  "occupies": [
    [
      0.2508569359779358,
      0.25266462564468384,
      0.2511058449745178,
      0.2532210946083069,
      0.24645227193832397
    ],
    [
      0.21895936131477356,
      0.21351061761379242,
      0.21134312450885773,
      0.21538184583187103,
      0.20673808455467224
    ],
    [
      0.13560888171195984,
      0.01716763712465763,
      0.12499739974737167,
      0.1264837384223938,
      0.12806783616542816
    ],
    [
      0.008346823044121265,
      0.008346730843186378,
      0.008541197516024113,
      0.008351527154445648,
      0.008346496149897575
    ],
    [
      0.008346496149897575,
      0.008346496149897575,
      0.008346496149897575,
      0.008346496149897575,
      0.008346496149897575
    ],
    [
      0.008347434923052788,
      0.008346496149897575,
      0.008346496149897575,
      0.008346496149897575,
      0.008346496149897575
    ]
  ],
  "metrics": [
    [
      0.9261508863542669,
      0.9248866291054005,
      0.9217259859832349,
      0.9252988869039439,
      0.926288305620448
    ],
    [
      0.9261234025010306,
      0.9240621135083139,
      0.9279648206678577,
      0.9268654665384087,
      0.9254088223168888
    ],
    [
      0.9043287068847052,
      0.6323484952590354,
      0.8949841967843891,
      0.9089459942283908,
      0.9068572213824379
    ],
    [
      0.6323484952590354,
      0.6323484952590354,
      0.7357427511337089,
      0.7195822454308094,
      0.7324172048921259
    ],
    [
      0.6323484952590354,
      0.6323484952590354,
      0.6323484952590354,
      0.6323484952590354,
      0.6323484952590354
    ],
    [
      0.6323484952590354,
      0.6323484952590354,
      0.6323484952590354,
      0.6323484952590354,
      0.6323484952590354
    ]
  ],
  "max_test_occupies": [
    0.2603721022605896,
    0.2233661711215973,
    0.13354213535785675,
    0.009038209915161133,
    0.00883546657860279,
    0.00883546657860279
  ],
  "max_test_metrics": [
    0.8999010635666584,
    0.903512243383626,
    0.8917635419243136,
    0.7328963640860747,
    0.6318327974276527,
    0.6318327974276527
  ],
  "lambdas": [
    0.001,
    0.01,
    0.1,
    1.0,
    5.0,
    25.0
  ],
  "temperatures": [
    0.0001,
    0.0002,
    0.0005,
    0.001,
    0.002
  ]
}