{
  "occupies": [
    [
      0.38052690029144287,
      0.37584492564201355,
      0.3804437816143036,
      0.37994512915611267,
      0.38177356123924255
    ],
    [
      0.3800974488258362,
      0.37778419256210327,
      0.37903082370758057,
      0.37915557622909546,
      0.37368401885032654
    ],
    [
      0.35869622230529785,
      0.3677692413330078,
      0.33924806118011475,
      0.34225398302078247,
      0.2773991525173187
    ],
    [
      0.31587982177734375,
      0.32938551902770996,
      0.275529146194458,
      0.2627992033958435,
      0.2582418918609619
    ],
    [
      0.33661624789237976,
      0.28323084115982056,
      0.288646936416626,
      0.370636522769928,
      0.25545763969421387
    ],
    [
      0.3378351926803589,
      0.31333112716674805,
      0.28043270111083984,
      0.3006426990032196,
      0.2506926357746124
    ]
  ],
  "metrics": [
    [
      0.125,
      0.265625,
      0.125,
      0.15625,
      0.1875
    ],
    [
      0.140625,
      0.234375,
      0.109375,
      0.203125,
      0.125
    ],
    [
      0.265625,
      0.34375,
      0.3125,
      0.21875,
      0.609375
    ],
    [
      0.578125,
      0.390625,
      0.5625,
      0.609375,
      0.59375
    ],
    [
      0.609375,
      0.59375,
      0.40625,
      0.609375,
      0.609375
    ],
    [
      0.359375,
      0.40625,
      0.609375,
      0.609375,
      0.609375
    ]
  ],
  "max_test_occupies": [
    0.3442920744419098,
    0.3436519205570221,
    0.26266181468963623,
    0.2471856325864792,
    0.24000729620456696,
    0.2422063946723938
  ],
  "max_test_metrics": [
    0.15492957746478872,
    0.15492957746478872,
    0.5633802816901409,
    0.5633802816901409,
    0.5633802816901409,
    0.5633802816901409
  ],
  "lambdas": [
    0.001,
    0.01,
    0.1,
    1.0,
    5.0,
    25.0
  ],
  "temperatures": [
    0.0001,
    0.0002,
    0.0005,
    0.001,
    0.002
  ]
}