{
  "occupies": [
    [
      0.22827394306659698,
      0.22800636291503906,
      0.22835253179073334,
      0.2273201197385788,
      0.22419749200344086
    ],
    [
      0.21677245199680328,
      0.2133834958076477,
      0.21504978835582733,
      0.21018454432487488,
      0.207001194357872
    ],
    [
      0.17852357029914856,
      0.17851148545742035,
      0.1924864649772644,
      0.1739981323480606,
      0.13960322737693787
    ],
    [
      0.15719203650951385,
      0.1527399867773056,
      0.13569997251033783,
      0.11367443948984146,
      0.0944993644952774
    ],
    [
      0.10546006262302399,
      0.0891687422990799,
      0.093328557908535,
      0.017659444361925125,
      0.017656944692134857
    ],
    [
      0.051706183701753616,
      0.16827437281608582,
      0.017656944692134857,
      0.017656944692134857,
      0.017656944692134857
    ]
  ],
  "metrics": [
    [
      0.9573867854491462,
      0.9625835189309577,
      0.9621380846325167,
      0.9593170007423905,
      0.9575352635486266
    ],
    [
      0.9578322197475873,
      0.9575352635486266,
      0.9514476614699332,
      0.963177431328879,
      0.9612472160356348
    ],
    [
      0.9615441722345954,
      0.9602078693392725,
      0.9600593912397921,
      0.9619896065330363,
      0.9553080920564216
    ],
    [
      0.9581291759465479,
      0.955902004454343,
      0.9466963622865627,
      0.948181143281366,
      0.9379361544172234
    ],
    [
      0.9367483296213809,
      0.9219005196733482,
      0.9178916109873794,
      0.5606533036377135,
      0.5606533036377135
    ],
    [
      0.5606533036377135,
      0.5606533036377135,
      0.5606533036377135,
      0.5606533036377135,
      0.5606533036377135
    ]
  ],
  "max_test_occupies": [
    0.43704143166542053,
    0.37269094586372375,
    0.2935313880443573,
    0.23920273780822754,
    0.12736892700195312,
    0.018181800842285156
  ],
  "max_test_metrics": [
    0.9025229357798165,
    0.9059633027522935,
    0.8990825688073395,
    0.8830275229357798,
    0.8405963302752294,
    0.5091743119266054
  ],
  "lambdas": [
    0.001,
    0.01,
    0.1,
    1.0,
    5.0,
    25.0
  ],
  "temperatures": [
    0.0001,
    0.0002,
    0.0005,
    0.001,
    0.002
  ]
}