{
    "subset": "base", "factor": 4, 
    "kxs": [0.05, 0.1, 0.2, 0.4, 0.8], 
    "metric_name": "accuracy", 
    "model": "deit-small", 
    "metric_baseline": 0.7984644913627639, 
    "metrics_sparse": [0.04244, 0.31726, 0.69854, 0.78418, 0.79846], 
    "occupies_sparse": [0.07495366653652832, 0.16518067161259803, 0.3372264115583303, 0.5825564467005586, 0.8707778992569284], 
    "metrics_forward": [0.03580854126679463, 0.13617642354446577, 0.48750399872040945, 0.7584173064619322, 0.7950255918106206], 
    "occupies_forward": [0.13861772745021206, 0.21515033190161517, 0.3607965638422403, 0.5681374463099379, 0.8121827411167197], 
    "metrics_absatt": [0.0513, 0.41466, 0.73396, 0.78968, 0.79842], 
    "occupies_absatt": [0.07542286606792985, 0.16739768840288813, 0.3298193127687899, 0.5615258570871574, 0.8606044591946742]
}