{
  "subset": "base",
  "factor": 4,
  "kxs": [
    0.1,
    0.2,
    0.3,
    0.4,
    0.6,
    0.8
  ],
  "metric_name": "accuracy",
  "model": "deit-small",
  "metric_baseline": 0.7983845169545746,
  "metrics_sparse": [
    0.31654,
    0.69828,
    0.76546,
    0.78408,
    0.79596,
    0.79846
  ],
  "occupies_sparse": [
    0.16519219055051526,
    0.33723675907883194,
    0.4742491917220358,
    0.5825817883639711,
    0.7602847481463595,
    0.8707827801628182
  ],
  "metrics_forward": [
    0.13629638515674983,
    0.48736404350607804,
    0.684540946896993,
    0.7580574216250799,
    0.7907269673704415,
    0.7950055982085733
  ],
  "occupies_forward": [
    0.21515033190161517,
    0.3607965638422403,
    0.47676688793437655,
    0.5681374463099379,
    0.718469347910875,
    0.8121827411167197
  ],
  "metrics_absatt": [
    0.41404,
    0.73406,
    0.7769,
    0.78972,
    0.79772,
    0.79842
  ],
  "occupies_absatt": [
    0.16739420538844002,
    0.32980968371763514,
    0.4578127840687473,
    0.5615326200703661,
    0.7407147754793958,
    0.8606053416624656
  ]
}