{
  "xs_dyvit": [
    0.327400641025641,
    0.3751698717948718,
    0.4330929487179487,
    0.5025544871794873,
    0.5849391025641026,
    0.6816314102564104,
    0.7940160256410257,
    0.9234775641025641
  ],
  "ys_dyvit": [
    65.91,
    74.948,
    77.622,
    78.5,
    79.4,
    79.6,
    79.7,
    79.8
  ],
  "xs_concrete": [
    0.10110481828451157,
    0.139631450176239,
    0.18681728839874268,
    0.22488872706890106,
    0.2787901759147644,
    0.41131410002708435
  ],
  "ys_concrete": [
    67.56200212310792,
    69.45800215057373,
    74.10800226257324,
    75.57200230407715,
    76.67400233276368,
    78.25000234130859
  ],
  "xs_concrete_ema": [
    0.10218223184347153,
    0.1407390683889389,
    0.18796858191490173,
    0.22626587748527527,
    0.280155748128891,
    0.41065698862075806
  ],
  "ys_concrete_ema": [
    67.41400210449218,
    70.96800223114013,
    73.95200226470948,
    75.45600235656738,
    76.72000230712891,
    78.24600234863281
  ],
  "xs_base": [
    0.10110481828451157,
    0.9234775641025641
  ],
  "ys_base": [
    79.83845169545745,
    79.83845169545745
  ],
  "xs_approx": [
    0.16519219055051526,
    0.33723675907883194,
    0.4742491917220358,
    0.5825817883639711,
    0.7602847481463595,
    0.8707827801628182
  ],
  "ys_approx": [
    31.654,
    69.828,
    76.546,
    78.408,
    79.596,
    79.84599999999999
  ],
  "xs_absatt": [
    0.16739420538844002,
    0.32980968371763514,
    0.4578127840687473,
    0.5615326200703661,
    0.7407147754793958,
    0.8606053416624656
  ],
  "ys_absatt": [
    41.404,
    73.406,
    77.69,
    78.972,
    79.77199999999999,
    79.842
  ],
  "xs_forward": [
    0.21515033190161517,
    0.3607965638422403,
    0.47676688793437655,
    0.5681374463099379,
    0.718469347910875,
    0.8121827411167197
  ],
  "ys_forward": [
    13.629638515674984,
    48.736404350607806,
    68.4540946896993,
    75.805742162508,
    79.07269673704414,
    79.50055982085733
  ]
}