{"subset": "cifar100", "factor": 4, "kxs": [0.05, 0.1, 0.2, 0.4, 0.8], "metric_name": "accuracy", "metric_baseline": 0.9161, "metrics_sparse": [0.1385, 0.5258, 0.8061, 0.899, 0.9167], "occupies_sparse": [0.09879800859038668, 0.19508457633735277, 0.34037036313934566, 0.562826005466686, 0.8827747754783515], "metrics_forward": [0.0741, 0.1939, 0.5154, 0.8613, 0.9135], "occupies_forward": [0.158922295978133, 0.2401405700898082, 0.36313939867240125, 0.5513471300273282, 0.8223350253806484], "metrics_absatt": [0.131, 0.6278, 0.8489, 0.9051, 0.9163], "occupies_absatt": [0.10075759468956753, 0.20750944943379826, 0.3664284654431282, 0.6084376024991062, 0.8927667317454471]}