{
  "xs_dyvit": [
    0.327400641025641,
    0.3751698717948718,
    0.4330929487179487,
    0.5025544871794873,
    0.5849391025641026,
    0.6816314102564104,
    0.7940160256410257,
    0.9234775641025641
  ],
  "ys_dyvit": [
    65.91,
    74.948,
    77.5,
    78.5,
    79.4,
    79.6,
    79.7,
    79.8
  ],
  "xs_concrete": [
    0.10110481828451157,
    0.139631450176239,
    0.18681728839874268,
    0.22488872706890106
  ],
  "ys_concrete": [
    67.56200212310792,
    69.45800215057373,
    74.10800226257324,
    75.57200230407715
  ],
  "xs_concrete_ema": [
    0.10218223184347153,
    0.1407390683889389,
    0.18796858191490173,
    0.22626587748527527
  ],
  "ys_concrete_ema": [
    67.41400210449218,
    70.96800223114013,
    73.95200226470948,
    75.45600235656738
  ],
  "xs_base": [
    0.07495366653652832,
    0.9234775641025641
  ],
  "ys_base": [
    79.84644913627639,
    79.84644913627639
  ],
  "xs_approx": [
    0.07495366653652832,
    0.16518067161259803,
    0.3372264115583303,
    0.5825564467005586,
    0.8707778992569284
  ],
  "ys_approx": [
    4.244,
    31.726,
    69.854,
    78.41799999999999,
    79.84599999999999
  ],
  "xs_absatt": [
    0.07542286606792985,
    0.16739768840288813,
    0.3298193127687899,
    0.5615258570871574,
    0.8606044591946742
  ],
  "ys_absatt": [
    5.13,
    41.465999999999994,
    73.396,
    78.968,
    79.842
  ],
  "xs_forward": [
    0.13861772745021206,
    0.21515033190161517,
    0.3607965638422403,
    0.5681374463099379,
    0.8121827411167197
  ],
  "ys_forward": [
    3.580854126679463,
    13.617642354446577,
    48.750399872040944,
    75.84173064619321,
    79.50255918106205
  ]
}